{"stats":{"minecraft:picked_up":{"minecraft:leather":1,"minecraft:torch":2,"sophisticatedbackpacks:backpack":1,"minecraft:birch_planks":4,"minecraft:stripped_spruce_log":6,"minecraft:white_bed":1,"mts:mts.handbook_car":1,"minecraft:gray_concrete":2,"minecraft:dirt":14,"minecraft:white_carpet":11,"minecraft:stone_bricks":3,"minecraft:spruce_planks":10,"minecraft:beef":2,"minecraft:granite":2,"minecraft:iron_ore":20,"tac:qbz_95":3,"minecraft:end_rod":2,"minecraft:snowball":16,"minecraft:cobblestone":8},"minecraft:custom":{"minecraft:time_since_rest":2675,"minecraft:interact_with_furnace":3,"minecraft:sprint_one_cm":142577,"minecraft:damage_taken":4828,"minecraft:walk_one_cm":449470,"minecraft:mob_kills":8,"minecraft:damage_dealt":1123,"minecraft:interact_with_crafting_table":6,"minecraft:fly_one_cm":112978,"minecraft:player_kills":20,"minecraft:open_chest":43,"minecraft:play_one_minute":209745,"minecraft:crouch_one_cm":2597,"minecraft:deaths":21,"minecraft:sneak_time":1552,"minecraft:walk_under_water_one_cm":5408,"minecraft:aviate_one_cm":358729,"minecraft:jump":853,"minecraft:leave_game":48,"minecraft:time_since_death":2650,"minecraft:walk_on_water_one_cm":358,"minecraft:sleep_in_bed":10,"minecraft:fall_one_cm":5107},"minecraft:broken":{"zombie_extreme:combatvest_boots":1},"minecraft:crafted":{"zombie_extreme:combatvest_boots":1,"zombie_extreme:combat_helmet_helmet":1,"minecraft:spruce_door":3},"minecraft:mined":{"minecraft:birch_planks":3,"minecraft:spruce_planks":9,"minecraft:white_bed":1,"minecraft:iron_ore":20,"minecraft:white_carpet":11,"minecraft:stripped_spruce_log":6,"minecraft:torch":1,"minecraft:granite":2,"minecraft:end_rod":2,"minecraft:dirt":9,"minecraft:cobblestone":6,"minecraft:stone_bricks":3,"minecraft:wall_torch":1},"minecraft:killed_by":{"minecraft:player":11,"zombie_extreme:infectedperson":1,"zombie_extreme:policezombie":1,"minecraft:pillager":3,"animals:mosquito":4},"minecraft:used":{"minecraft:end_rod":2,"minecraft:iron_ore":12,"minecraft:spruce_door":1,"minecraft:birch_planks":4,"minecraft:iron_pickaxe":37,"minecraft:spruce_planks":4,"minecraft:iron_sword":151,"minecraft:stone_bricks":3,"simpletomb:grave_key":23,"minecraft:torch":1,"minecraft:cobblestone":17,"minecraft:dirt":16,"minecraft:white_carpet":11,"minecraft:white_bed":1,"minecraft:gray_concrete":2,"minecraft:granite":2,"minecraft:snowball":16,"minecraft:stripped_spruce_log":4},"minecraft:killed":{"animals:mosquito":4,"dungeonsmod:guard":1,"minecraft:cow":2}},"DataVersion":2586}