{"stats":{"minecraft:used":{"decocraftia:oak_white_couch":5,"minecraft:beetroot":4,"minecraft:spruce_slab":850,"decocraftia:white_fridge":1,"minecraft:ladder":42,"minecraft:chest":67,"minecraft:stone":234,"minecraft:skeleton_spawn_egg":6,"minecraft:snowball":48,"minecraft:stripped_spruce_log":315,"minecraft:honey_block":3,"minecraft:lava_bucket":44,"minecraft:grass_block":2239,"ironfurnaces:crystal_furnace":3,"minecraft:dark_oak_slab":317,"mts:mtsofficialpack.trimotor_white":1,"ironfurnaces:iron_furnace":3,"minecraft:bow":1,"minecraft:furnace":6,"minecraft:potato":516,"minecraft:spider_spawn_egg":6,"mts:mts.custombench":1,"minecraft:damaged_anvil":1,"minecraft:diorite":11,"minecraft:cow_spawn_egg":49,"securitycraft:door_indestructible_iron_item":5,"securitycraft:reinforced_spruce_planks":40,"minecraft:blackstone":4,"minecraft:golden_apple":13,"minecraft:dark_oak_trapdoor":70,"vehicle:jack":2,"minecraft:sand":17,"decocraftia:birch_chair":3,"minecraft:blast_furnace":1,"securitycraft:universal_block_remover":57,"minecraft:gray_concrete":1543,"securitycraft:keycard_lock":3,"securitycraft:reinforced_oak_slab":12,"securitycraft:reinforced_light_gray_stained_glass_pane":79,"minecraft:fire_charge":1,"minecraft:diamond_sword":837,"mts:mts.fuelpump":4,"minecraft:dark_oak_fence":236,"vehicle:gas_pump":3,"minecraft:ice":23,"minecraft:oak_trapdoor":3,"mts:mts.propellerbench":2,"ironfurnaces:gold_furnace":1,"minecraft:iron_bars":1,"minecraft:enchanting_table":2,"toughasnails:water_purifier":1,"alexsmobs:spawn_egg_seal":1,"vehicle:vehicle_crate":15,"minecraft:netherrack":166,"zombie_extreme:vodka":1,"minecraft:torch":1991,"minecraft:brewing_stand":2,"minecraft:anvil":3,"ironfurnaces:diamond_furnace":2,"minecraft:polished_diorite":13,"mts:mts.instrumentbench":2,"alexsmobs:spawn_egg_grizzly_bear":1,"minecraft:iron_axe":248,"minecraft:spawner":1,"minecraft:chicken_spawn_egg":2,"mts:mtsofficialpack.mc172_oak":25,"minecraft:basalt":16,"minecraft:glowstone":10,"mts:mtsofficialpack.mc172_spruce":48,"minecraft:beef":2,"zombie_extreme:militarymachete":16,"mts:mts.seatbench":2,"vehicle:fuelium_bucket":10,"minecraft:wheat_seeds":552,"minecraft:water_bucket":350,"tac:workbench":6,"zombie_extreme:cannedbeans":1,"securitycraft:reinforced_oak_planks":38,"minecraft:birch_planks":426,"minecraft:lead":4,"alexsmobs:spawn_egg_tiger":1,"decocraftia:white_couch_d":2,"minecraft:horse_spawn_egg":28,"minecraft:spruce_fence_gate":42,"securitycraft:scanner_door_item":1,"minecraft:crafting_table":15,"mts:mts.decorbench":3,"minecraft:white_bed":25,"minecraft:campfire":249,"minecraft:dark_oak_fence_gate":21,"minecraft:spruce_log":648,"minecraft:ender_eye":70,"minecraft:diamond_pickaxe":7259,"minecraft:diamond_shovel":17012,"minecraft:iron_pickaxe":1851,"minecraft:spruce_sapling":14,"decocraftia:white_couch_m":3,"minecraft:cobblestone":1177,"minecraft:potion":4,"toughasnails:purified_water_canteen":146,"zombie_extreme:oreradium":2,"minecraft:light_blue_stained_glass_pane":22,"minecraft:iron_shovel":94,"securitycraft:reinforced_spruce_slab":32,"minecraft:light_gray_stained_glass_pane":124,"minecraft:diamond_hoe":324,"minecraft:oak_sign":34,"minecraft:white_concrete_powder":1,"minecraft:iron_sword":704,"minecraft:zombie_spawn_egg":12,"decocraftia:rack_tv_red":5,"minecraft:carrot":519,"minecraft:obsidian":38,"minecraft:milk_bucket":2,"minecraft:honey_bottle":2,"mts:mtsofficialpack.pzlp11":1,"minecraft:glass":384,"sophisticatedbackpacks:diamond_backpack":1,"mts:mts.vehiclebench":3,"mts:mts.gunbench":3,"ironfurnaces:obsidian_furnace":1,"minecraft:lantern":218,"minecraft:stone_bricks":3135,"minecraft:bedrock":39,"minecraft:repeater":21,"minecraft:red_carpet":3,"minecraft:beetroot_seeds":104,"securitycraft:reinforced_stripped_oak_wood":4,"mts:mtsofficialpack.vulcanair_black":1,"minecraft:dark_oak_stairs":197,"minecraft:stone_pickaxe":122,"minecraft:oak_planks":16,"zombie_extreme:nightvisionpill":1,"zombie_extreme:demolisher_spawn_egg":3,"minecraft:sugar_cane":62,"minecraft:diamond_axe":828,"toughasnails:water_canteen":6,"minecraft:white_wool":7,"minecraft:light_blue_concrete":224,"minecraft:crossbow":8,"minecraft:sponge":45,"minecraft:lingering_potion":32,"securitycraft:reinforced_stripped_spruce_log":30,"minecraft:end_stone":216,"minecraft:shears":8,"mts:mts.wheelbench":2,"minecraft:creeper_spawn_egg":68,"minecraft:redstone_torch":1,"mts:mts.enginebench":2,"minecraft:lever":2,"minecraft:firework_rocket":75,"minecraft:dark_oak_log":455,"minecraft:bread":22,"minecraft:brown_wool":2,"minecraft:gravel":2,"alexsmobs:cooked_moose_ribs":2,"minecraft:andesite":67,"minecraft:white_concrete":255,"minecraft:bone_meal":218,"minecraft:cobweb":3,"mts:mts.charger":1,"minecraft:trident":2,"minecraft:trader_llama_spawn_egg":4,"minecraft:flint_and_steel":1,"minecraft:redstone":43,"minecraft:spruce_planks":752,"minecraft:ender_chest":2,"securitycraft:keypad_door_item":5,"minecraft:stone_hoe":104,"securitycraft:reinforced_cyan_stained_glass":5,"simpletomb:grave_key":167,"mts:mts.itembench":2,"minecraft:dirt":2771,"minecraft:hopper":25,"toughasnails:empty_canteen":31,"minecraft:spruce_stairs":401,"minecraft:spruce_fence":124,"minecraft:granite":24,"securitycraft:keycard_reader":1,"minecraft:stone_brick_slab":69,"minecraft:dark_oak_planks":7,"securitycraft:reinforced_spruce_stairs":76,"minecraft:golden_carrot":23,"securitycraft:reinforced_glass":1,"minecraft:cooked_beef":6,"minecraft:enchanted_golden_apple":34,"minecraft:pumpkin":3,"minecraft:beetroot_soup":1,"minecraft:cooked_mutton":2,"securitycraft:reinforced_cobblestone":55,"minecraft:baked_potato":19,"vehicle:workstation":2,"decocraftia:white_couch_e":4,"minecraft:llama_spawn_egg":2,"zombie_extreme:titanore":1,"minecraft:dark_oak_door":13,"minecraft:piston":18,"minecraft:bucket":134,"minecraft:yellow_bed":8,"securitycraft:reinforced_birch_planks":113,"decocraftia:tv":2,"alexsmobs:animal_dictionary":1,"securitycraft:reinforced_oak_stairs":116,"minecraft:splash_potion":208,"minecraft:birch_stairs":21,"minecraft:pillager_spawn_egg":140,"minecraft:smooth_stone":1124},"minecraft:crafted":{"minecraft:black_dye":8,"minecraft:smooth_stone":0,"vehicle:racing_wheel":1,"ironfurnaces:iron_furnace":4,"minecraft:lever":1,"minecraft:diamond_shovel":1,"ironfurnaces:diamond_furnace":4,"minecraft:cooked_mutton":6,"minecraft:iron_bars":16,"minecraft:glass":71,"minecraft:diamond_helmet":1,"minecraft:repeater":23,"minecraft:diamond_leggings":1,"pretaccraft:heavy_armor_chestplate":1,"minecraft:iron_door":3,"zombie_extreme:hi_tech_military_armor_leggings":1,"pretaccraft:heavy_armor_helmet":1,"pretaccraft:high_protection_class_armor_plate":2,"minecraft:pink_stained_glass":8,"minecraft:emerald":1,"minecraft:diamond_axe":1,"zombie_extreme:hi_tech_military_armor_chestplate":1,"zombie_extreme:copper_ignot":6,"ironfurnaces:crystal_furnace":3,"decocraftia:oak_white_couch":5,"minecraft:iron_pickaxe":9,"minecraft:iron_block":17,"minecraft:gold_ingot":80,"minecraft:netherite_ingot":7,"minecraft:elytra":4,"minecraft:spruce_fence_gate":67,"tac:workbench":2,"minecraft:golden_carrot":41,"minecraft:iron_nugget":594,"minecraft:diamond_hoe":1,"minecraft:bone_meal":3,"zombie_extreme:hi_tech_military_armor_boots":1,"minecraft:spruce_fence":135,"mts:mts.partscanner":1,"minecraft:lantern":34,"minecraft:diamond":162,"minecraft:polished_diorite":48,"minecraft:ladder":42,"securitycraft:universal_block_remover":2,"minecraft:spruce_slab":252,"minecraft:stone_pickaxe":1,"minecraft:diamond_boots":1,"minecraft:redstone_block":5,"vehicle:wood_small_engine":1,"minecraft:dark_oak_planks":932,"minecraft:wheat":108,"minecraft:coal_block":29,"minecraft:firework_star":257,"minecraft:enchanting_table":1,"alexsmobs:cooked_moose_ribs":0,"sophisticatedbackpacks:gold_backpack":3,"pretaccraft:aramid":28,"mts:mts.wheelbench":1,"minecraft:glowstone":1,"securitycraft:door_indestructible_iron_item":1,"zombie_extreme:titanplate":10,"minecraft:iron_shovel":1,"pretaccraft:nylon_stripe":36,"pretaccraft:armor_plate":4,"minecraft:oak_planks":24,"mts:mts.seatbench":1,"minecraft:stone":556,"securitycraft:laser_block":2,"minecraft:dark_oak_door":3,"minecraft:hopper":25,"zombie_extreme:hi_tech_military_armor_helmet":1,"minecraft:stone_brick_slab":72,"minecraft:chest":86,"vehicle:iron_small_engine":1,"minecraft:stone_hoe":1,"minecraft:stone_bricks":1276,"vehicle:stone_small_engine":1,"minecraft:oak_slab":12,"sophisticatedbackpacks:backpack":2,"mts:mts.enginebench":1,"minecraft:crafting_table":10,"minecraft:spruce_planks":948,"minecraft:baked_potato":31,"zombie_extreme:chip":1,"minecraft:gold_block":2,"minecraft:dark_oak_slab":12,"mts:mts.instrumentbench":1,"minecraft:paper":210,"minecraft:diamond_pickaxe":16,"minecraft:charcoal":6,"minecraft:emerald_block":2,"toughasnails:water_purifier":1,"sophisticatedbackpacks:diamond_backpack":3,"minecraft:stick":956,"minecraft:iron_ingot":1149,"minecraft:redstone_torch":53,"pretaccraft:heavy_armor_leggings":1,"minecraft:shears":8,"minecraft:light_gray_stained_glass_pane":96,"toughasnails:empty_canteen":5,"securitycraft:universal_block_reinforcer_lvl1":1,"vehicle:gold_small_engine":1,"ironfurnaces:gold_furnace":3,"minecraft:furnace":15,"minecraft:stone_button":2,"minecraft:blast_furnace":1,"minecraft:piston":33,"minecraft:dark_oak_trapdoor":28,"mts:mts.propellerbench":1,"pretaccraft:plate_bag":2,"pretaccraft:strong_cloth":58,"firstaid:plaster":29,"mts:mts.key":1,"minecraft:diamond_block":2,"minecraft:glass_pane":112,"minecraft:flint_and_steel":1,"minecraft:iron_axe":3,"mts:mts.vehiclebench":1,"minecraft:netherite_scrap":41,"securitycraft:universal_block_reinforcer_lvl3":1,"sophisticatedbackpacks:iron_backpack":3,"minecraft:cooked_beef":26,"zombie_extreme:titanbar":1,"minecraft:diamond_sword":4,"pretaccraft:heavy_armor_boots":1,"minecraft:iron_sword":3,"zombie_extreme:copper_wire":4,"mts:mts.wrench":1,"minecraft:bucket":7,"minecraft:bread":6,"minecraft:air":0,"minecraft:gold_nugget":342,"firstaid:bandage":45,"minecraft:anvil":3,"minecraft:torch":824,"minecraft:diamond_chestplate":1,"minecraft:firework_rocket":639},"minecraft:killed":{"zombie_extreme:soldier_zombie":7,"minecraft:cave_spider":4,"zombie_extreme:night_hunter":14,"alexsmobs:enderiophage":1,"minecraft:cod":8,"minecraft:shulker":11,"minecraft:skeleton":14,"alexsmobs:straddler":9,"minecraft:magma_cube":4,"minecraft:parrot":15,"zombie_extreme:infected_hazmat":15,"minecraft:ender_dragon":1,"minecraft:pillager":22,"minecraft:zombie":60,"minecraft:cow":93,"zombie_extreme:bombsuitzombie":12,"zombie_extreme:demolisher":4,"zombie_extreme:drawnedzombie":14,"minecraft:horse":32,"zombie_extreme:parasite":12,"animals:grizzly":1,"zombie_extreme:infected_spec_ops_soldier":9,"zombie_extreme:zombie_brute":2,"minecraft:wandering_trader":4,"zombie_extreme:crawler_zombie":7,"animals:tarantulatestt":2,"minecraft:enderman":9,"minecraft:zombified_piglin":19,"animals:mosquito":19,"zombie_extreme:infected_bear":10,"minecraft:spider":20,"alexsmobs:snow_leopard":2,"zombie_extreme:infectedperson":24,"zombie_extreme:explosive_zombie":5,"dungeonsmod:pitcher":4,"minecraft:silverfish":1,"minecraft:piglin":1,"animals:crow":1,"zombie_extreme:militarysoldier":9,"minecraft:pig":1,"minecraft:strider":4,"minecraft:creeper":71,"alexsmobs:warped_toad":2,"minecraft:sheep":14,"minecraft:trader_llama":4,"zombie_extreme:policezombie":11,"minecraft:ghast":3,"minecraft:stray":10,"alexsmobs:fly":3,"dungeonsmod:guard":86,"zombie_extreme:boomerzombie":16,"minecraft:blaze":15,"zombie_extreme:rat_king":9,"alexsmobs:mimicube":7,"animals:penguin_2":15,"zombie_extreme:infected_dog":22,"minecraft:llama":2,"zombie_extreme:fast_zombie_v_2":15,"minecraft:bat":1,"dungeonsmod:king":3,"minecraft:squid":3,"alexsmobs:moose":4,"minecraft:wither_skeleton":11,"vemerioraptor:plesiosaurus":1},"minecraft:broken":{"minecraft:iron_boots":1,"minecraft:iron_sword":2,"zombie_extreme:hi_tech_military_armor_boots":1,"pretaccraft:heavy_armor_leggings":1,"pretaccraft:heavy_armor_helmet":1,"toughasnails:water_canteen":1,"minecraft:iron_axe":1,"minecraft:iron_pickaxe":7,"minecraft:iron_helmet":2,"toughasnails:purified_water_canteen":27,"dungeonsmod:king_crown":1,"minecraft:leather_leggings":1,"minecraft:stone_pickaxe":1,"zombie_extreme:spec_ops_suit_leggings":1,"pretaccraft:heavy_armor_boots":1,"minecraft:leather_boots":1,"zombie_extreme:spec_ops_suit_chestplate":1},"minecraft:mined":{"minecraft:white_bed":13,"zombie_extreme:copper_ore":9,"minecraft:obsidian":47,"minecraft:granite":344,"minecraft:brown_wool":1,"minecraft:purpur_slab":1,"minecraft:hopper":2,"minecraft:nether_wart":20,"minecraft:spawner":3,"minecraft:dark_oak_trapdoor":4,"zombie_extreme:oreradium":14,"minecraft:fire":73,"minecraft:pumpkin":13,"minecraft:enchanting_table":1,"zombie_extreme:coprse":1,"ironfurnaces:iron_furnace":3,"minecraft:torch":394,"minecraft:dead_bush":1,"minecraft:glass":3,"minecraft:damaged_anvil":1,"minecraft:sugar_cane":141,"minecraft:bricks":74,"tac:workbench":3,"minecraft:wheat":224,"minecraft:grass":56,"minecraft:piston":2,"minecraft:light_gray_stained_glass_pane":68,"minecraft:mossy_cobblestone":5,"minecraft:dark_oak_log":22,"minecraft:end_stone":107,"minecraft:nether_bricks":12,"minecraft:dark_oak_fence":70,"minecraft:spruce_fence":112,"minecraft:redstone_wire":5,"minecraft:redstone_ore":99,"minecraft:snow":636,"minecraft:andesite":267,"minecraft:mossy_stone_brick_stairs":1,"minecraft:potatoes":151,"minecraft:bone_block":6,"minecraft:ender_chest":1,"minecraft:white_wool":7,"minecraft:glass_pane":1,"decocraftia:lettuce_plant":2,"minecraft:stone_brick_slab":4,"minecraft:dandelion":3,"minecraft:purpur_pillar":4,"minecraft:tall_grass":10,"minecraft:diorite":232,"zombie_extreme:rubyore":25,"zombie_extreme:medical_box":1,"minecraft:spruce_log":154,"minecraft:gravel":44,"minecraft:cobweb":78,"minecraft:spruce_fence_gate":7,"minecraft:stone_bricks":676,"minecraft:gold_ore":116,"minecraft:fern":2,"minecraft:spruce_planks":5,"minecraft:mossy_stone_brick_slab":2,"minecraft:brewing_stand":4,"minecraft:grass_block":6940,"zombie_extreme:blackmetal":21,"minecraft:infested_cobblestone":1,"zombie_extreme:coach":1,"minecraft:smooth_stone":30,"zombie_extreme:table":1,"minecraft:glowstone":39,"ironfurnaces:gold_furnace":1,"minecraft:iron_ore":490,"minecraft:anvil":6,"minecraft:dark_oak_stairs":1,"minecraft:iron_bars":10,"minecraft:end_stone_bricks":11,"minecraft:spruce_slab":83,"minecraft:blackstone":78,"zombie_extreme:switch_box":1,"minecraft:purpur_stairs":2,"minecraft:clay":1,"zombie_extreme:titanore":3,"minecraft:poppy":12,"minecraft:chest":1,"minecraft:nether_quartz_ore":35,"minecraft:cobblestone":354,"vehicle:jack":1,"minecraft:grindstone":1,"minecraft:oak_planks":87,"zombie_extreme:wirefence":1,"minecraft:iron_door":1,"minecraft:wall_torch":26,"minecraft:warped_nylium":1,"minecraft:purpur_block":7,"minecraft:oak_log":6,"minecraft:beetroots":1,"minecraft:sand":52,"minecraft:dirt":9336,"minecraft:ancient_debris":7,"minecraft:netherrack":911,"minecraft:oak_leaves":11,"minecraft:nether_gold_ore":16,"minecraft:crying_obsidian":1,"minecraft:diamond_ore":24,"minecraft:spruce_leaves":43,"minecraft:sandstone":3,"minecraft:hay_block":12,"minecraft:furnace":3,"minecraft:carrots":133,"minecraft:stripped_spruce_log":55,"zombie_extreme:boardedup_boards":1,"minecraft:gold_block":8,"minecraft:nether_brick_fence":2,"minecraft:bookshelf":32,"minecraft:lantern":14,"minecraft:packed_ice":2,"minecraft:stone":3945,"minecraft:magenta_stained_glass":2,"minecraft:stripped_dark_oak_log":2,"minecraft:basalt":168,"minecraft:crafting_table":5,"minecraft:stone_slab":1,"decocraftia:tv":2,"minecraft:lapis_ore":15,"minecraft:birch_planks":131,"ironfurnaces:diamond_furnace":1,"minecraft:brick_slab":8,"minecraft:sweet_berry_bush":3,"minecraft:ice":129,"minecraft:yellow_bed":7,"minecraft:coal_ore":586,"minecraft:end_rod":3,"minecraft:cracked_stone_bricks":5,"minecraft:polished_andesite":32},"minecraft:picked_up":{"minecraft:wooden_axe":1,"tac:mk23":2,"vehicle:vehicle_crate":2,"minecraft:anvil":6,"minecraft:lead":54,"minecraft:stone_slab":1,"minecraft:diamond_sword":1,"minecraft:golden_shovel":1,"minecraft:brewing_stand":5,"minecraft:golden_sword":2,"minecraft:string":93,"minecraft:dark_oak_trapdoor":8,"zombie_extreme:chips":5,"minecraft:cooked_salmon":1,"minecraft:beetroot":2,"minecraft:diamond_leggings":2,"minecraft:gold_nugget":47,"zombie_extreme:darkmetallplate":1,"minecraft:spruce_planks":18,"securitycraft:reinforced_oak_stairs":11,"mts:mtsofficialpack.wheelsmall":9,"securitycraft:reinforced_spruce_slab":1,"securitycraft:reinforced_redstone_block":2,"minecraft:dark_oak_door":5,"zombie_extreme:ruby":26,"zombie_extreme:cannedmeat":6,"minecraft:purpur_pillar":4,"tac:rpg7":1,"minecraft:stone_sword":1,"zombie_extreme:drug":1,"minecraft:tropical_fish":1,"tac:db_short":1,"minecraft:end_rod":3,"tac:qbz_95":3,"minecraft:blaze_rod":6,"minecraft:iron_bars":19,"minecraft:snowball":591,"tac:workbench":1,"minecraft:iron_door":1,"minecraft:water_bucket":3,"tac:c96":1,"minecraft:brown_wool":111,"tac:10_gauge_round":180,"minecraft:flint":6,"tac:762x25":150,"minecraft:lantern":93,"mts:mtsofficialpack.mc172_oak":16,"zombie_extreme:millitaryvest_leggings":1,"minecraft:glowstone_dust":119,"animals:bearfur":1,"minecraft:stripped_spruce_log":64,"sophisticatedbackpacks:iron_backpack":1,"minecraft:ink_sac":12,"zombie_extreme:doctor_suit_helmet":2,"minecraft:dark_oak_log":51,"alexsmobs:animal_dictionary":3,"securitycraft:universal_block_remover":1,"zombie_extreme:chemical_protection_suit_boots":2,"minecraft:polished_andesite":32,"minecraft:lever":1,"minecraft:granite":346,"zombie_extreme:switch_box":1,"minecraft:bread":11,"alexsmobs:maggot":1,"minecraft:dark_oak_fence":82,"minecraft:bricks":74,"minecraft:diamond_pickaxe":6,"sophisticatedbackpacks:gold_backpack":4,"zombie_extreme:cleaver":1,"tac:type81_x":1,"minecraft:crafting_table":5,"tac:bullet68":1013,"zombie_extreme:blackmetal":22,"minecraft:nether_wart":25,"securitycraft:reinforced_pink_stained_glass":8,"minecraft:purpur_block":5,"zombie_extreme:swat_vest_chestplate":2,"minecraft:elytra":10,"minecraft:snow":6,"minecraft:netherite_scrap":2,"zombie_extreme:coprse":4,"minecraft:iron_shovel":1,"minecraft:cracked_stone_bricks":4,"minecraft:beef":70,"minecraft:iron_nugget":6,"zombie_extreme:boardedup_boards":1,"tac:m60":3,"minecraft:poppy":22,"ironfurnaces:diamond_furnace":1,"minecraft:spruce_slab":117,"zombie_extreme:copper_ignot":5,"minecraft:chest":1,"minecraft:piston":2,"zombie_extreme:copper_ore":8,"zombie_extreme:cannedbeans":2,"minecraft:sandstone":3,"zombie_extreme:millitaryvest_boots":2,"minecraft:stone":303,"securitycraft:reinforced_cobblestone":102,"minecraft:oak_door":3,"zombie_extreme:j_armor_helmet":1,"mts:mtsofficialpack.pzlp11":1,"securitycraft:reinforced_birch_planks":108,"sophisticatedbackpacks:backpack":1,"minecraft:spruce_fence":117,"zombie_extreme:cannedfood":1,"zombie_extreme:wirefence":1,"minecraft:carrot":552,"minecraft:redstone":506,"zombie_extreme:militarymachete":1,"minecraft:stone_shovel":1,"minecraft:diamond_chestplate":2,"minecraft:cooked_cod":1,"minecraft:beetroot_seeds":13,"ironfurnaces:gold_furnace":1,"minecraft:shears":2,"minecraft:diamond_boots":1,"minecraft:purpur_slab":1,"minecraft:hay_block":12,"tac:ai_awp":1,"minecraft:gold_ingot":8,"firstaid:bandage":11,"minecraft:mutton":13,"minecraft:white_wool":169,"minecraft:bone_block":6,"minecraft:oxeye_daisy":1,"minecraft:lapis_ore":3,"securitycraft:reinforced_diamond_block":2,"mts:mtsofficialpack.seatred":6,"tac:58x42":373,"securitycraft:sc_manual":1,"minecraft:purpur_stairs":2,"minecraft:oak_log":6,"minecraft:ancient_debris":7,"minecraft:paper":1,"securitycraft:reinforced_stripped_spruce_log":28,"minecraft:white_banner":3,"minecraft:apple":6,"minecraft:stone_bricks":671,"minecraft:stone_pickaxe":2,"minecraft:iron_ore":584,"mts:mtsofficialpack.mc172_spruce":38,"minecraft:glass_bottle":3,"minecraft:iron_sword":1,"minecraft:dark_oak_stairs":1,"minecraft:dark_oak_slab":4,"zombie_extreme:oreradium":14,"minecraft:gravel":43,"minecraft:spruce_sapling":16,"minecraft:spruce_log":507,"minecraft:crying_obsidian":1,"zombie_extreme:j_armor_leggings":1,"minecraft:firework_rocket":53,"minecraft:diamond_shovel":1,"minecraft:coal_ore":4,"minecraft:stone_axe":2,"minecraft:diamond_axe":1,"minecraft:painting":2,"minecraft:gray_wool":17,"securitycraft:keypad":1,"tac:762x39":450,"minecraft:baked_potato":23,"minecraft:stripped_dark_oak_log":2,"minecraft:pink_dye":1,"minecraft:hopper":2,"minecraft:ender_pearl":2,"minecraft:shulker_shell":1,"tac:udp_9":2,"minecraft:wheat":206,"zombie_extreme:spec_ops_suit_chestplate":1,"minecraft:ender_chest":1,"minecraft:nether_brick_fence":2,"tac:mk47":1,"minecraft:potion":2,"tac:light_grenade":11,"mts:mts.handbook_plane":3,"minecraft:oak_sign":2,"minecraft:smooth_stone":36,"securitycraft:keycard_lv1":2,"zombie_extreme:spec_ops_suit_leggings":3,"minecraft:ender_eye":9,"minecraft:iron_pickaxe":4,"minecraft:iron_boots":3,"minecraft:furnace":3,"zombie_extreme:police_suit_helmet":1,"minecraft:stick":19,"minecraft:torch":492,"minecraft:spruce_stairs":15,"minecraft:porkchop":1,"zombie_extreme:jamglass":2,"minecraft:diorite":305,"mts:mtsofficialpack.crate":2,"zombie_extreme:soda":3,"zombie_extreme:photo_camera":1,"minecraft:nether_gold_ore":11,"minecraft:rotten_flesh":140,"minecraft:obsidian":54,"minecraft:cod":6,"minecraft:cobblestone":4858,"minecraft:enchanting_table":1,"tac:round45":1035,"minecraft:andesite":319,"minecraft:potato":525,"alexsmobs:bear_fur":3,"minecraft:wither_skeleton_skull":1,"minecraft:lapis_lazuli":93,"minecraft:dirt":11730,"tac:lapua338":264,"minecraft:name_tag":1,"zombie_extreme:doctor_suit_chestplate":1,"minecraft:glass":2,"minecraft:bone":20,"minecraft:bow":1,"minecraft:wheat_seeds":1073,"minecraft:grindstone":2,"mts:mtsofficialpack.enginelycomingo360":4,"tac:9mm_round":1453,"minecraft:oak_planks":457,"ironfurnaces:iron_furnace":3,"minecraft:ghast_tear":1,"firstaid:plaster":9,"toughasnails:purified_water_canteen":1,"minecraft:poisonous_potato":12,"industrialforegoing:infinity_drill":1,"minecraft:sand":446,"minecraft:grass_block":192,"minecraft:diamond_block":2,"zombie_extreme:millitaryvest_chestplate":1,"minecraft:mossy_cobblestone":6,"zombie_extreme:vodka":3,"minecraft:spruce_fence_gate":7,"minecraft:diamond":244,"alexsmobs:mimicream":4,"tac:m92fs":5,"minecraft:crossbow":3,"mts:mtsofficialpack.trimotor_white":1,"alexsmobs:moose_ribs":3,"animals:penguinfeather":2,"minecraft:netherrack":532,"minecraft:nether_star":1,"minecraft:end_stone_bricks":10,"minecraft:splash_potion":1,"mts:mtsofficialpack.seatwhite":7,"minecraft:gold_block":4,"minecraft:diamond_horse_armor":1,"zombie_extreme:titanbar":2,"zombie_extreme:chemical_protection_suit_chestplate":1,"mts:mtsofficialpack.vulcanair_black":1,"minecraft:iron_axe":1,"tac:bullet_308":1560,"minecraft:blackstone":79,"zombie_extreme:knife":1,"tac:sig_mcx_spear":2,"minecraft:sugar_cane":281,"dungeonsmod:king_crown":2,"minecraft:end_stone":102,"decocraftia:tv":2,"minecraft:bowl":3,"zombie_extreme:titanore":3,"securitycraft:reinforced_light_gray_stained_glass_pane":105,"minecraft:stone_button":2,"zombie_extreme:nailitem":2,"minecraft:trident":1,"tac:rpg7_missile":6,"minecraft:light_gray_stained_glass_pane":55,"minecraft:dark_oak_planks":2,"zombie_extreme:table":3,"minecraft:arrow":7,"zombie_extreme:blackbar":13,"minecraft:nether_bricks":12,"minecraft:golden_hoe":2,"zombie_extreme:bandage":1,"minecraft:saddle":6,"securitycraft:keypad_door_item":6,"minecraft:basalt":166,"minecraft:golden_carrot":8,"minecraft:salmon":28,"minecraft:leather":57,"minecraft:birch_planks":126,"minecraft:yellow_bed":8,"minecraft:gunpowder":726,"zombie_extreme:rottenapple":5,"alexsmobs:moose_antler":1,"tac:nato_556_bullet":2837,"minecraft:iron_ingot":108,"zombie_extreme:coach":3,"vehicle:key":4,"securitycraft:reinforced_emerald_block":2,"minecraft:book":116,"zombie_extreme:hi_tech_military_armor_helmet":1,"minecraft:pillager_spawn_egg":1,"zombie_extreme:sink":1,"minecraft:nether_quartz_ore":4,"minecraft:pumpkin":23,"minecraft:stone_brick_slab":2,"minecraft:quartz":66,"minecraft:dandelion":1,"minecraft:lava_bucket":1,"minecraft:white_bed":14,"minecraft:gold_ore":119,"mts:mts.handbook_car":3,"minecraft:spider_eye":8,"zombie_extreme:medical_box":4,"minecraft:brick_slab":8,"minecraft:honey_block":50,"minecraft:iron_helmet":2,"zombie_extreme:titanplate":2,"securitycraft:door_indestructible_iron_item":1,"minecraft:damaged_anvil":1,"minecraft:black_wool":44,"tac:m1a1_smg":2,"minecraft:coal":837},"minecraft:dropped":{"sophisticatedbackpacks:iron_backpack":1,"minecraft:iron_sword":1,"minecraft:glass_bottle":5,"minecraft:diamond":71,"minecraft:dark_oak_slab":3,"minecraft:crossbow":1,"minecraft:cracked_stone_bricks":4,"minecraft:saddle":1,"minecraft:elytra":7,"animals:penguinfeather":2,"minecraft:red_carpet":1,"sophisticatedbackpacks:gold_backpack":1,"tac:nato_556_bullet":60,"minecraft:dirt":10180,"minecraft:grass":1,"firstaid:bandage":68,"minecraft:stone_button":1,"minecraft:dark_oak_fence":1,"mts:mtsofficialpack.mc172_oak":2,"tac:ammo_fmj":1,"minecraft:gold_nugget":8,"minecraft:bone_block":6,"tac:m92fs":4,"minecraft:sand":11,"minecraft:sugar":1,"zombie_extreme:cannedbeans":1,"minecraft:iron_pickaxe":5,"industrialforegoing:infinity_drill":1,"minecraft:birch_stairs":1,"minecraft:bone":10,"minecraft:oak_door":3,"minecraft:dark_oak_door":1,"minecraft:stone_axe":2,"minecraft:sugar_cane":4,"minecraft:iron_nugget":1,"alexsmobs:animal_dictionary":1,"minecraft:pink_dye":1,"minecraft:wheat":1,"minecraft:rotten_flesh":112,"securitycraft:reinforced_spruce_planks":1,"minecraft:end_stone":64,"minecraft:golden_shovel":1,"minecraft:nether_brick_fence":2,"minecraft:white_bed":1,"minecraft:salmon":63,"zombie_extreme:wirefence":1,"minecraft:honey_block":79,"minecraft:spruce_slab":3,"minecraft:glass":1,"vehicle:standard_wheel":1,"zombie_extreme:blackbar":9,"zombie_extreme:copper_ignot":7,"minecraft:iron_ingot":324,"mts:mtsofficialpack.crate":2,"minecraft:wheat_seeds":720,"simpletomb:grave_key":2,"minecraft:light_gray_stained_glass_pane":6,"minecraft:cobblestone":503,"mts:mts.handbook_car":1,"minecraft:granite":262,"tac:mk23":1,"zombie_extreme:chemical_protection_suit_chestplate":1,"minecraft:coal":73,"minecraft:oxeye_daisy":1,"minecraft:lava_bucket":1,"minecraft:gray_wool":1,"vehicle:diamond_large_engine":1,"minecraft:golden_carrot":16,"minecraft:sponge":1,"minecraft:wooden_hoe":1,"minecraft:wooden_axe":4,"securitycraft:keycard_lv1":1,"minecraft:cooked_salmon":1,"minecraft:lapis_ore":3,"minecraft:red_dye":1,"minecraft:paper":1,"minecraft:spruce_sapling":1,"minecraft:stone_brick_slab":1,"minecraft:purpur_pillar":2,"toughasnails:empty_canteen":1,"zombie_extreme:cannedmeat":2,"minecraft:stone_sword":2,"minecraft:experience_bottle":1,"minecraft:stone_shovel":1,"securitycraft:keypad_door_item":2,"ironfurnaces:iron_furnace":1,"mts:mts.handbook_plane":1,"sophisticatedbackpacks:backpack":2,"minecraft:stone_slab":1,"minecraft:name_tag":1,"minecraft:nether_bricks":12,"minecraft:spruce_fence":2,"minecraft:shears":1,"mts:mts.wrench":1,"minecraft:potato":71,"minecraft:stone":5,"mts:mtsofficialpack.wheelsmall":5,"minecraft:spruce_planks":65,"minecraft:diamond_pickaxe":3,"minecraft:spider_eye":8,"minecraft:stone_bricks":540,"minecraft:light_gray_dye":39,"minecraft:sandstone":3,"tac:9mm_round":54,"zombie_extreme:soda":3,"securitycraft:keycard_reader":1,"minecraft:black_wool":1,"minecraft:shulker_spawn_egg":1,"minecraft:birch_planks":4,"minecraft:dark_oak_stairs":1,"minecraft:diamond_axe":2,"minecraft:baked_potato":39,"minecraft:nether_star":1,"minecraft:lantern":4,"securitycraft:door_indestructible_iron_item":1,"tac:m60":2,"minecraft:bedrock":1,"minecraft:cod":1,"vehicle:hammer":1,"minecraft:dark_oak_log":4,"minecraft:ice":1,"zombie_extreme:oreradium":4,"minecraft:cooked_cod":1,"minecraft:snowball":492,"alexsmobs:cooked_moose_ribs":4,"mts:mts.partscanner":1,"zombie_extreme:blackmetal":20,"minecraft:gold_ingot":7,"minecraft:gravel":14,"zombie_extreme:cannedfood":1,"securitycraft:reinforced_oak_stairs":1,"minecraft:blackstone":55,"minecraft:pillager_spawn_egg":1,"tac:762x25":100,"minecraft:diamond_shovel":4,"mts:mtsofficialpack.enginelycomingo360":1,"zombie_extreme:titanore":2,"minecraft:carrot":33,"minecraft:poppy":15,"minecraft:trident":1,"minecraft:gunpowder":482,"tac:58x42":373,"minecraft:beetroot_seeds":1,"minecraft:glowstone":1,"minecraft:chest":1,"minecraft:basalt":175,"minecraft:iron_bars":15,"zombie_extreme:vodka":1,"minecraft:splash_potion":3,"minecraft:netherrack":499,"minecraft:firework_rocket":276,"minecraft:water_bucket":2,"minecraft:bread":4,"minecraft:stripped_spruce_log":14,"minecraft:oak_slab":2,"tac:type81_x":1,"minecraft:mossy_cobblestone":6,"minecraft:poisonous_potato":9,"minecraft:lead":10,"zombie_extreme:darkmetallplate":1,"minecraft:tropical_fish":1,"minecraft:grass_block":69,"mts:mtsofficialpack.seatwhite":2,"minecraft:diorite":69,"vehicle:key":1,"minecraft:torch":35,"minecraft:white_concrete":1,"minecraft:brown_wool":1,"minecraft:iron_door":1,"zombie_extreme:chemical_protection_suit_boots":2,"securitycraft:reinforced_light_gray_stained_glass_pane":1,"minecraft:iron_axe":1,"securitycraft:sc_manual":1,"minecraft:light_blue_stained_glass_pane":3,"minecraft:bucket":1,"minecraft:dandelion":2,"vehicle:wood_small_engine":1,"minecraft:ender_chest":1,"zombie_extreme:chips":5,"tac:light_grenade":2,"tac:lpvo_1_6":1,"tac:qbz_95":2,"alexsmobs:bear_fur":3,"securitycraft:universal_block_remover":2,"zombie_extreme:doctor_suit_chestplate":1,"zombie_extreme:copper_ore":1,"minecraft:andesite":122,"vehicle:wrench":1,"zombie_extreme:millitaryvest_boots":1,"minecraft:golden_sword":2,"minecraft:stone_pickaxe":2,"minecraft:wooden_pickaxe":1,"minecraft:nether_quartz_ore":2,"firstaid:plaster":2,"securitycraft:keypad":1},"minecraft:custom":{"minecraft:interact_with_crafting_table":329,"minecraft:bell_ring":26,"minecraft:leave_game":54,"minecraft:time_since_death":171997,"minecraft:deaths":271,"minecraft:jump":25066,"minecraft:enchant_item":32,"minecraft:interact_with_furnace":457,"minecraft:traded_with_villager":2,"minecraft:sleep_in_bed":168,"minecraft:damage_dealt":34552,"minecraft:interact_with_smoker":6,"minecraft:horse_one_cm":3740595,"minecraft:interact_with_smithing_table":13,"minecraft:interact_with_anvil":45,"minecraft:inspect_hopper":59,"minecraft:sneak_time":136215,"minecraft:interact_with_blast_furnace":6,"minecraft:time_since_rest":29089,"minecraft:swim_one_cm":123551,"minecraft:fly_one_cm":14174184,"minecraft:open_chest":1625,"minecraft:fall_one_cm":281604,"minecraft:animals_bred":113,"minecraft:damage_resisted":2119,"minecraft:sprint_one_cm":4661366,"minecraft:drop":952,"minecraft:talked_to_villager":30,"minecraft:interact_with_brewingstand":3,"minecraft:walk_on_water_one_cm":126024,"minecraft:play_one_minute":3591521,"minecraft:open_enderchest":67,"minecraft:player_kills":252,"minecraft:crouch_one_cm":406921,"minecraft:mob_kills":889,"minecraft:damage_dealt_resisted":1039,"minecraft:climb_one_cm":23221,"minecraft:walk_one_cm":8422585,"minecraft:walk_under_water_one_cm":91812,"minecraft:interact_with_grindstone":2,"minecraft:damage_taken":59319,"minecraft:aviate_one_cm":18687460},"minecraft:killed_by":{"minecraft:pillager":15,"zombie_extreme:bombsuitzombie":2,"alexsmobs:straddler":1,"zombie_extreme:demolisher":1,"zombie_extreme:militarysoldier":2,"minecraft:zombie":3,"zombie_extreme:rat_king":2,"zombie_extreme:infected_bear":7,"zombie_extreme:drawnedzombie":1,"zombie_extreme:fast_zombie_v_2":3,"minecraft:stray":5,"animals:mosquito":9,"zombie_extreme:infected_spec_ops_soldier":4,"zombie_extreme:infected_hazmat":2,"dungeonsmod:guard":7,"dungeonsmod:winterhunter":3,"minecraft:wither_skeleton":1,"zombie_extreme:night_hunter":15,"minecraft:cave_spider":3,"zombie_extreme:infected_dog":5,"zombie_extreme:parasite":2,"minecraft:blaze":3,"dungeonsmod:pitcher":2,"minecraft:player":102,"zombie_extreme:infectedperson":3,"minecraft:enderman":29,"zombie_extreme:crawler_zombie":1,"dungeonsmod:king":2,"zombie_extreme:zombie_brute":2,"zombie_extreme:boomerzombie":6,"minecraft:skeleton":2,"zombie_extreme:policezombie":1}},"DataVersion":2586}