{"stats":{"minecraft:killed_by":{"minecraft:zombified_piglin":2,"zombie_extreme:night_hunter":7,"minecraft:creeper":2,"zombie_extreme:bombsuitzombie":6,"dungeonsmod:pice":1,"zombie_extreme:demolisher":1,"zombie_extreme:infected_dog":10,"zombie_extreme:militarysoldier":1,"zombie_extreme:parasite":1,"minecraft:blaze":1,"minecraft:zombie":11,"zombie_extreme:rat_king":6,"zombie_extreme:infected_bear":12,"zombie_extreme:fast_zombie_v_2":12,"minecraft:player":51,"zombie_extreme:infectedperson":7,"minecraft:spider":1,"animals:mosquito":9,"minecraft:enderman":26,"zombie_extreme:soldier_zombie":4,"zombie_extreme:crawler_zombie":7,"minecraft:trader_llama":1,"zombie_extreme:infected_spec_ops_soldier":10,"zombie_extreme:zombie_brute":12,"zombie_extreme:boomerzombie":2,"minecraft:skeleton":2,"zombie_extreme:policezombie":5,"zombie_extreme:infected_hazmat":22,"alexsmobs:moose":2},"minecraft:broken":{"minecraft:stone_pickaxe":2,"zombie_extreme:spec_ops_suit_helmet":1,"minecraft:golden_sword":1,"minecraft:iron_sword":1,"minecraft:stone_shovel":1,"minecraft:stone_sword":2,"zombie_extreme:ghillie_boots":1,"minecraft:iron_axe":4,"minecraft:iron_helmet":2,"toughasnails:purified_water_canteen":2},"minecraft:used":{"minecraft:poppy":6,"minecraft:chest":4,"minecraft:iron_sword":579,"minecraft:stone":4,"minecraft:carrot":1,"minecraft:snowball":43,"minecraft:stripped_spruce_log":5,"zombie_extreme:spotlight":2,"minecraft:bricks":4,"minecraft:stone_bricks":783,"minecraft:item_frame":2,"minecraft:golden_sword":11,"minecraft:sweet_berries":3,"minecraft:furnace":1,"minecraft:potato":2,"zombie_extreme:antiradon_enhanced_action":1,"minecraft:diorite":1,"minecraft:end_rod":2,"minecraft:stone_pickaxe":264,"minecraft:oak_planks":133,"minecraft:wooden_pickaxe":21,"minecraft:blue_bed":1,"minecraft:diamond_axe":77,"minecraft:purpur_pillar":2,"toughasnails:water_canteen":10,"minecraft:gray_concrete":2,"minecraft:end_stone":6,"minecraft:firework_rocket":1,"minecraft:dark_oak_log":6,"minecraft:bread":11,"minecraft:string":1,"minecraft:smithing_table":1,"minecraft:andesite":1,"minecraft:oak_boat":3,"minecraft:white_concrete":2,"minecraft:cobweb":11,"minecraft:stone_sword":394,"minecraft:stone_shovel":121,"minecraft:spruce_planks":1,"simpletomb:grave_key":380,"minecraft:torch":70,"minecraft:dirt":350,"minecraft:white_carpet":2,"toughasnails:empty_canteen":3,"zombie_extreme:bandage":7,"minecraft:granite":22,"minecraft:wooden_axe":5,"zombie_extreme:hunter_knife":55,"minecraft:iron_axe":1089,"zombie_extreme:militarymachete":73,"zombie_extreme:soda":1,"minecraft:cooked_beef":1,"minecraft:birch_planks":3,"minecraft:glass_bottle":4,"minecraft:baked_potato":13,"minecraft:cauldron":1,"minecraft:spruce_fence_gate":2,"zombie_extreme:chips":10,"minecraft:crafting_table":8,"minecraft:white_bed":13,"minecraft:dark_oak_fence_gate":1,"minecraft:dark_oak_door":4,"minecraft:smoker":2,"minecraft:diamond_pickaxe":2130,"minecraft:apple":1,"minecraft:diamond_shovel":1160,"minecraft:iron_pickaxe":249,"zombie_extreme:counteractingpill":1,"minecraft:spruce_sapling":2,"minecraft:cobblestone":150,"toughasnails:dirty_water_bottle":4,"toughasnails:purified_water_canteen":15,"minecraft:yellow_bed":1,"alexsmobs:animal_dictionary":2},"minecraft:custom":{"minecraft:interact_with_crafting_table":28,"minecraft:leave_game":83,"minecraft:time_since_death":6959,"minecraft:sprint_one_cm":2413875,"minecraft:drop":103,"minecraft:talked_to_villager":2,"minecraft:deaths":262,"minecraft:jump":11329,"minecraft:interact_with_brewingstand":3,"minecraft:walk_on_water_one_cm":33652,"minecraft:interact_with_furnace":135,"minecraft:play_one_minute":1279602,"minecraft:sleep_in_bed":74,"minecraft:open_enderchest":2,"minecraft:damage_dealt":9038,"minecraft:player_kills":52,"minecraft:crouch_one_cm":18441,"minecraft:interact_with_smoker":5,"minecraft:horse_one_cm":3315597,"minecraft:interact_with_smithing_table":12,"minecraft:mob_kills":63,"minecraft:interact_with_anvil":4,"minecraft:inspect_hopper":2,"minecraft:damage_dealt_resisted":82,"minecraft:climb_one_cm":11722,"minecraft:walk_one_cm":3142233,"minecraft:sneak_time":16341,"minecraft:walk_under_water_one_cm":19499,"minecraft:boat_one_cm":446333,"minecraft:interact_with_blast_furnace":2,"minecraft:interact_with_grindstone":1,"minecraft:time_since_rest":3451,"minecraft:damage_taken":59739,"minecraft:swim_one_cm":2632,"minecraft:fly_one_cm":1758911,"minecraft:open_chest":295,"minecraft:aviate_one_cm":5968430,"minecraft:fall_one_cm":244519},"minecraft:crafted":{"minecraft:oak_planks":528,"zombie_extreme:blackbar":47,"minecraft:chest":2,"minecraft:crafting_table":6,"minecraft:spruce_planks":76,"minecraft:wooden_pickaxe":1,"zombie_extreme:combatvest_boots":3,"minecraft:stick":20,"minecraft:iron_ingot":34,"minecraft:stone_sword":3,"zombie_extreme:combatvest_chestplate":2,"minecraft:stone_shovel":1,"minecraft:furnace":1,"zombie_extreme:combat_helmet_helmet":2,"minecraft:iron_axe":2,"minecraft:stone_pickaxe":2,"zombie_extreme:combatvest_leggings":3,"minecraft:cooked_beef":1,"minecraft:iron_sword":2,"minecraft:air":0,"minecraft:oak_boat":2,"minecraft:wooden_axe":1,"firstaid:bandage":2},"minecraft:picked_up":{"zombie_extreme:spec_ops_suit_chestplate":1,"minecraft:smithing_table":1,"minecraft:lead":23,"minecraft:brewing_stand":1,"tac:light_grenade":3,"minecraft:golden_sword":5,"minecraft:string":16,"zombie_extreme:chips":6,"zombie_extreme:spec_ops_suit_helmet":1,"minecraft:gold_nugget":3,"minecraft:spruce_planks":2,"minecraft:iron_pickaxe":2,"minecraft:dark_oak_door":4,"zombie_extreme:coltempty":2,"zombie_extreme:police_suit_helmet":1,"minecraft:stick":12,"minecraft:torch":109,"minecraft:purpur_pillar":2,"minecraft:spruce_stairs":1,"minecraft:porkchop":6,"minecraft:diorite":5,"zombie_extreme:combatvest_chestplate":1,"minecraft:cauldron":1,"zombie_extreme:soda":1,"minecraft:stone_sword":2,"minecraft:rotten_flesh":40,"minecraft:end_rod":2,"tac:qbz_95":2,"minecraft:iron_bars":11,"minecraft:snowball":106,"minecraft:cobblestone":1474,"tac:round45":11,"zombie_extreme:counteractingpill":1,"minecraft:andesite":13,"minecraft:smoker":2,"minecraft:potato":1,"tac:762x25":80,"minecraft:wither_skeleton_skull":1,"minecraft:gray_concrete":2,"minecraft:lapis_lazuli":14,"minecraft:dirt":910,"minecraft:lantern":56,"minecraft:bone":9,"zombie_extreme:makarovempty":1,"minecraft:wheat_seeds":21,"tac:9mm_round":645,"zombie_extreme:lamp":1,"minecraft:oak_planks":19,"minecraft:poisonous_potato":7,"minecraft:sand":128,"minecraft:stripped_spruce_log":26,"zombie_extreme:antiradon_enhanced_action":1,"minecraft:dark_oak_log":16,"minecraft:mossy_cobblestone":2,"zombie_extreme:chemical_protection_suit_boots":1,"minecraft:polished_andesite":32,"minecraft:spruce_fence_gate":2,"tac:m92fs":2,"minecraft:granite":31,"zombie_extreme:switch_box":2,"minecraft:white_concrete":3,"alexsmobs:moose_ribs":3,"minecraft:bread":4,"minecraft:bricks":78,"minecraft:oak_sapling":1,"minecraft:netherrack":2,"minecraft:dark_oak_fence":76,"minecraft:diamond_pickaxe":2,"zombie_extreme:cleaver":1,"minecraft:crafting_table":3,"zombie_extreme:blackmetal":75,"minecraft:elytra":5,"minecraft:iron_axe":2,"minecraft:item_frame":2,"minecraft:white_carpet":2,"minecraft:beef":2,"minecraft:oak_boat":1,"zombie_extreme:boardedup_boards":1,"minecraft:poppy":7,"minecraft:spruce_slab":97,"zombie_extreme:copper_ignot":1,"minecraft:sugar_cane":5,"minecraft:chest":3,"zombie_extreme:cannedbeans":1,"minecraft:end_stone":6,"minecraft:stone":4,"minecraft:spruce_fence":1,"sophisticatedbackpacks:backpack":1,"minecraft:carrot":2,"zombie_extreme:militarymachete":2,"toughasnails:empty_canteen":1,"minecraft:arrow":2,"zombie_extreme:bandage":1,"zombie_extreme:chemical_protection_suit_helmet":1,"minecraft:saddle":1,"firstaid:bandage":46,"minecraft:white_wool":9,"minecraft:oxeye_daisy":6,"minecraft:golden_carrot":12,"tac:58x42":2260,"minecraft:leather":1,"minecraft:birch_planks":14,"securitycraft:sc_manual":1,"minecraft:oak_log":132,"minecraft:lily_pad":35,"minecraft:gunpowder":110,"minecraft:yellow_bed":2,"zombie_extreme:rottenapple":2,"minecraft:blue_bed":2,"minecraft:stone_bricks":826,"minecraft:iron_ingot":133,"minecraft:iron_ore":157,"zombie_extreme:cloth":6,"minecraft:glass_bottle":1,"minecraft:iron_sword":1,"zombie_extreme:spotlight":2,"minecraft:sweet_berries":27,"zombie_extreme:hunter_knife":1,"minecraft:dandelion":2,"minecraft:gravel":2,"minecraft:birch_stairs":11,"minecraft:spruce_sapling":11,"minecraft:white_bed":14,"minecraft:spruce_log":705,"minecraft:dark_oak_fence_gate":1,"minecraft:spruce_door":1,"zombie_extreme:medical_box":2,"minecraft:brick_slab":8,"minecraft:firework_rocket":179,"minecraft:diamond_shovel":1,"minecraft:diamond_axe":1,"minecraft:baked_potato":39,"minecraft:coal":112},"minecraft:mined":{"minecraft:spruce_planks":1,"minecraft:white_bed":12,"minecraft:brewing_stand":1,"minecraft:granite":32,"minecraft:grass_block":467,"zombie_extreme:blackmetal":75,"minecraft:white_concrete":3,"minecraft:oxeye_daisy":1,"minecraft:iron_ore":155,"minecraft:iron_bars":2,"minecraft:spruce_slab":78,"zombie_extreme:lamp":1,"minecraft:smoker":2,"zombie_extreme:switch_box":1,"minecraft:torch":78,"minecraft:poppy":2,"minecraft:cobblestone":77,"minecraft:oak_planks":14,"minecraft:bricks":4,"minecraft:wall_torch":10,"minecraft:cauldron":1,"minecraft:seagrass":1,"minecraft:dark_oak_door":2,"minecraft:wheat":3,"minecraft:grass":42,"minecraft:oak_log":134,"minecraft:sand":128,"minecraft:dirt":922,"minecraft:oak_leaves":27,"minecraft:mossy_cobblestone":2,"minecraft:end_stone":8,"minecraft:dark_oak_fence":77,"minecraft:spruce_fence":1,"minecraft:spruce_leaves":129,"minecraft:large_fern":9,"minecraft:carrots":1,"minecraft:snow":86,"minecraft:andesite":51,"minecraft:stripped_spruce_log":5,"zombie_extreme:spotlight":2,"minecraft:potatoes":2,"minecraft:vine":1,"minecraft:stone":1628,"minecraft:podzol":8,"minecraft:smithing_table":1,"minecraft:gray_concrete":2,"minecraft:glass_pane":6,"minecraft:dandelion":1,"minecraft:crafting_table":3,"minecraft:purpur_pillar":3,"minecraft:tall_grass":9,"minecraft:lapis_ore":2,"minecraft:diorite":8,"minecraft:blue_bed":2,"minecraft:spruce_stairs":1,"minecraft:birch_planks":1,"minecraft:sweet_berry_bush":16,"minecraft:ice":16,"minecraft:white_carpet":1,"minecraft:spruce_log":743,"zombie_extreme:medical_box":1,"minecraft:birch_leaves":1,"minecraft:yellow_bed":2,"minecraft:coal_ore":52,"minecraft:end_rod":2,"minecraft:gravel":10,"minecraft:cobweb":13,"minecraft:spruce_fence_gate":2,"minecraft:stone_bricks":410,"minecraft:fern":7},"minecraft:killed":{"zombie_extreme:soldier_zombie":1,"minecraft:zombified_piglin":2,"animals:mosquito":2,"zombie_extreme:night_hunter":2,"zombie_extreme:infected_bear":2,"minecraft:spider":1,"alexsmobs:snow_leopard":1,"zombie_extreme:infectedperson":6,"minecraft:cat":1,"minecraft:parrot":2,"minecraft:pig":3,"zombie_extreme:infected_hazmat":2,"alexsmobs:fly":4,"zombie_extreme:boomerzombie":2,"minecraft:blaze":1,"minecraft:cow":2,"zombie_extreme:drawnedzombie":2,"zombie_extreme:infected_dog":6,"zombie_extreme:parasite":1,"zombie_extreme:fast_zombie_v_2":5,"zombie_extreme:infected_spec_ops_soldier":2,"minecraft:rabbit":2,"zombie_extreme:zombie_brute":1,"minecraft:wandering_trader":1,"minecraft:polar_bear":1,"zombie_extreme:crawler_zombie":3,"alexsmobs:moose":1,"minecraft:wither_skeleton":4},"minecraft:dropped":{"minecraft:glass_bottle":1,"tac:round45":11,"minecraft:elytra":4,"minecraft:dirt":183,"firstaid:bandage":7,"minecraft:dark_oak_log":10,"minecraft:snowball":5,"minecraft:sand":128,"tac:m92fs":1,"zombie_extreme:cannedbeans":1,"minecraft:iron_pickaxe":1,"minecraft:bone":4,"tac:762x25":80,"minecraft:rotten_flesh":6,"minecraft:oak_planks":334,"minecraft:white_bed":1,"minecraft:poppy":1,"minecraft:arrow":2,"zombie_extreme:vodka":1,"minecraft:netherrack":1,"minecraft:iron_ingot":8,"minecraft:wheat_seeds":17,"minecraft:poisonous_potato":7,"minecraft:cobblestone":4,"minecraft:lead":4,"zombie_extreme:cloth":6,"minecraft:stick":5,"minecraft:oxeye_daisy":6,"minecraft:diorite":2,"zombie_extreme:chemical_protection_suit_boots":1,"securitycraft:sc_manual":1,"minecraft:lily_pad":35,"minecraft:dandelion":1,"zombie_extreme:chips":2,"minecraft:stone_sword":1,"zombie_extreme:rottenapple":2,"minecraft:wither_skeleton_skull":1,"sophisticatedbackpacks:backpack":1,"zombie_extreme:doctor_suit_chestplate":1,"minecraft:diamond_pickaxe":1,"minecraft:andesite":2,"minecraft:yellow_bed":1,"minecraft:golden_sword":1,"minecraft:stone_bricks":55,"minecraft:spruce_log":226}},"DataVersion":2586}