{"stats":{"minecraft:broken":{"minecraft:stone_axe":1,"minecraft:stone_shovel":1,"minecraft:iron_axe":1,"minecraft:iron_pickaxe":1},"minecraft:crafted":{"minecraft:oak_planks":538,"minecraft:cobblestone_slab":24,"minecraft:chest":12,"minecraft:oak_fence":36,"minecraft:wooden_shovel":2,"minecraft:crafting_table":6,"minecraft:spruce_planks":142,"minecraft:wooden_pickaxe":3,"minecraft:stick":132,"minecraft:iron_ingot":1,"minecraft:iron_pickaxe":1,"minecraft:stone_sword":1,"minecraft:stone_shovel":4,"minecraft:furnace":8,"minecraft:spruce_fence":8,"minecraft:white_carpet":33,"minecraft:iron_axe":1,"minecraft:ladder":15,"minecraft:spruce_slab":60,"minecraft:stone_pickaxe":4,"minecraft:iron_sword":1,"minecraft:stone_axe":3,"minecraft:torch":58},"minecraft:mined":{"minecraft:spruce_planks":131,"minecraft:white_bed":7,"minecraft:grass_block":48,"decocraftia:tomato_plant":1,"minecraft:white_concrete":70,"zombie_extreme:coach":3,"zombie_extreme:table":2,"zombie_extreme:cash_register":1,"minecraft:fire":1,"minecraft:oak_stairs":114,"zombie_extreme:shelving":6,"zombie_extreme:coprse":3,"minecraft:spruce_slab":31,"minecraft:tripwire":1,"minecraft:red_bed":1,"zombie_extreme:lamp":1,"zombie_extreme:switch_box":1,"minecraft:torch":3,"minecraft:chest":8,"minecraft:white_stained_glass_pane":1,"minecraft:glass":4,"minecraft:cobblestone":26,"vehicle:jack":1,"minecraft:oak_planks":47,"minecraft:wall_torch":2,"minecraft:light_blue_terracotta":4,"minecraft:dark_oak_door":4,"minecraft:wheat":16,"zombie_extreme:burntremains":12,"minecraft:stripped_oak_wood":1,"minecraft:yellow_stained_glass_pane":3,"minecraft:grass":26,"minecraft:oak_log":107,"minecraft:beetroots":1,"minecraft:dirt":376,"minecraft:oak_leaves":10,"minecraft:redstone_lamp":4,"minecraft:red_carpet":2,"minecraft:quartz_stairs":10,"minecraft:mossy_cobblestone":4,"zombie_extreme:cardboard_box":1,"minecraft:oak_door":2,"minecraft:ladder":8,"minecraft:spruce_fence":1,"minecraft:furnace":8,"minecraft:carrots":6,"minecraft:snow":1,"minecraft:andesite":5,"minecraft:stripped_spruce_log":5,"minecraft:black_concrete":1,"minecraft:bell":1,"minecraft:bookshelf":4,"minecraft:potatoes":9,"minecraft:cobblestone_slab":16,"minecraft:stripped_oak_log":32,"minecraft:stone":208,"minecraft:white_wool":1,"minecraft:oak_slab":1,"minecraft:light_gray_carpet":3,"minecraft:glass_pane":70,"minecraft:infested_stone_bricks":1,"minecraft:oak_fence":21,"minecraft:honey_block":2,"zombie_extreme:computer":1,"minecraft:tall_grass":5,"zombie_extreme:shopcounter":5,"zombie_extreme:deadbody":2,"zombie_extreme:vendingmachine":1,"minecraft:blue_bed":1,"minecraft:brick_slab":1,"minecraft:redstone_torch":1,"minecraft:ice":1,"minecraft:white_carpet":11,"zombie_extreme:medical_box":4,"minecraft:birch_leaves":2,"minecraft:yellow_bed":3,"minecraft:coal_ore":2,"minecraft:gravel":5,"zombie_extreme:sink":3,"minecraft:cobweb":2,"minecraft:gold_ore":7},"minecraft:picked_up":{"minecraft:wooden_axe":2,"vehicle:jack":1,"minecraft:birch_door":1,"minecraft:wheat":15,"minecraft:lead":1,"minecraft:oak_stairs":114,"minecraft:string":3,"zombie_extreme:chips":1,"minecraft:bucket":1,"minecraft:spruce_planks":195,"minecraft:redstone_torch":1,"minecraft:cobblestone_slab":18,"mts:mtsofficialpack.wheelsmall":2,"minecraft:iron_pickaxe":1,"alexsmobs:raccoon_tail":1,"minecraft:furnace":8,"minecraft:iron_boots":1,"minecraft:dark_oak_door":5,"minecraft:oak_fence":8,"minecraft:torch":75,"decocraftia:tomato_food":2,"zombie_extreme:jamglass":2,"minecraft:diorite":11,"zombie_extreme:soda":1,"minecraft:stone_sword":2,"minecraft:rotten_flesh":9,"tac:qbz_95":1,"zombie_extreme:deadbody":2,"minecraft:snowball":21,"minecraft:cobblestone":499,"minecraft:birch_log":2,"zombie_extreme:counteractingpill":1,"minecraft:andesite":5,"minecraft:potato":32,"alexsmobs:bear_fur":2,"tac:762x25":70,"minecraft:dirt":2054,"mts:mtsofficialpack.mc172_oak":1,"zombie_extreme:shelving":6,"minecraft:bone":2,"minecraft:bow":1,"minecraft:wheat_seeds":47,"minecraft:bell":1,"zombie_extreme:vendingmachine":1,"mts:mtsofficialpack.enginelycomingo360":1,"tac:9mm_round":224,"zombie_extreme:lamp":1,"minecraft:oak_planks":47,"toughasnails:purified_water_canteen":1,"minecraft:stripped_spruce_log":5,"zombie_extreme:antiradon_enhanced_action":3,"minecraft:grass_block":1,"minecraft:mossy_cobblestone":5,"zombie_extreme:vodka":1,"minecraft:black_concrete":1,"tac:m92fs":1,"zombie_extreme:computer":1,"minecraft:granite":44,"zombie_extreme:switch_box":1,"minecraft:white_concrete":88,"alexsmobs:maggot":2,"minecraft:oak_sapling":2,"minecraft:light_gray_carpet":3,"minecraft:bricks":3,"minecraft:diamond_pickaxe":1,"minecraft:ladder":11,"minecraft:redstone_lamp":4,"minecraft:diamond_horse_armor":2,"minecraft:brick":1,"minecraft:red_bed":1,"minecraft:white_carpet":11,"zombie_extreme:coprse":3,"minecraft:beef":10,"zombie_extreme:copper_ignot":3,"minecraft:spruce_slab":43,"minecraft:quartz_stairs":13,"minecraft:chest":8,"zombie_extreme:cannedbeans":1,"minecraft:oak_door":2,"minecraft:spruce_fence":3,"zombie_extreme:bettary":1,"zombie_extreme:cannedfood":1,"minecraft:carrot":22,"minecraft:redstone":5,"zombie_extreme:table":2,"zombie_extreme:filter_gas_mask":1,"minecraft:arrow":2,"minecraft:stone_shovel":1,"zombie_extreme:cash_register":1,"minecraft:saddle":1,"firstaid:bandage":21,"minecraft:mutton":2,"minecraft:white_wool":2,"minecraft:oxeye_daisy":3,"minecraft:stripped_oak_log":31,"minecraft:golden_carrot":4,"mts:mtsofficialpack.seatred":2,"minecraft:leather":6,"minecraft:oak_log":112,"minecraft:yellow_bed":3,"zombie_extreme:rottenapple":1,"minecraft:gunpowder":1,"simpletomb:grave_key":1,"minecraft:blue_bed":1,"minecraft:red_carpet":2,"minecraft:iron_ingot":163,"minecraft:stone_pickaxe":2,"minecraft:cobweb":3,"zombie_extreme:coach":3,"zombie_extreme:cloth":1,"vehicle:key":1,"minecraft:book":12,"minecraft:oak_slab":1,"zombie_extreme:sink":3,"minecraft:gravel":1,"zombie_extreme:protectionpill":1,"minecraft:white_bed":7,"minecraft:spruce_log":576,"minecraft:gold_ore":7,"zombie_extreme:medical_box":4,"zombie_extreme:cardboard_box":1,"minecraft:stone_axe":2,"minecraft:honey_block":10,"zombie_extreme:shopcounter":5,"minecraft:coal":51},"minecraft:killed_by":{"zombie_extreme:bombsuitzombie":1,"minecraft:drowned":1,"minecraft:silverfish":1,"zombie_extreme:demolisher":1,"zombie_extreme:infected_dog":4,"zombie_extreme:militarysoldier":2,"minecraft:zombie":8,"alexsmobs:grizzly_bear":8,"zombie_extreme:rat_king":4,"zombie_extreme:infected_bear":3,"zombie_extreme:drawnedzombie":3,"zombie_extreme:fast_zombie_v_2":1,"minecraft:player":66,"zombie_extreme:infectedperson":6,"animals:mosquito":5,"minecraft:enderman":5,"zombie_extreme:soldier_zombie":1,"zombie_extreme:crawler_zombie":1,"zombie_extreme:infected_spec_ops_soldier":1,"alexsmobs:raccoon":1,"zombie_extreme:zombie_brute":4,"zombie_extreme:boomerzombie":2,"minecraft:skeleton":8,"zombie_extreme:policezombie":15,"zombie_extreme:infected_hazmat":4},"minecraft:dropped":{"minecraft:leather":6,"minecraft:saddle":1,"minecraft:flint":1,"zombie_extreme:antiradon_enhanced_action":1,"minecraft:dirt":3,"zombie_extreme:bettary":2,"minecraft:bone":3,"minecraft:oak_door":2,"minecraft:stone_axe":2,"alexsmobs:animal_dictionary":1,"tac:762x25":20,"minecraft:rotten_flesh":7,"minecraft:oak_planks":1,"minecraft:carrot":1,"minecraft:honey_block":8,"zombie_extreme:butcher_knife":1,"zombie_extreme:coltempty":1,"zombie_extreme:copper_ignot":3,"zombie_extreme:vodka":1,"zombie_extreme:protectionpill":1,"minecraft:iron_ingot":64,"minecraft:wheat_seeds":4,"zombie_extreme:makarovempty":1,"minecraft:mossy_cobblestone":2,"simpletomb:grave_key":5,"mts:mts.handbook_car":1,"zombie_extreme:cloth":1,"minecraft:grass_block":1,"minecraft:coal":1,"minecraft:stick":1,"minecraft:oxeye_daisy":2,"minecraft:cobweb":2,"minecraft:diamond_horse_armor":2,"zombie_extreme:counteractingpill":1,"vehicle:key":1,"minecraft:white_concrete":20,"minecraft:wooden_axe":2,"minecraft:oak_stairs":4,"minecraft:string":2,"minecraft:redstone":1,"zombie_extreme:hunter_knife":1,"minecraft:bricks":3,"alexsmobs:maggot":2,"zombie_extreme:chips":1,"minecraft:stone_sword":2,"minecraft:bowl":1,"minecraft:stone_shovel":1,"zombie_extreme:rottenapple":1,"mts:mts.handbook_plane":1,"alexsmobs:bear_fur":2,"zombie_extreme:whiskey":1,"minecraft:quartz_stairs":3,"zombie_extreme:drug":1,"minecraft:bow":1,"minecraft:stone_pickaxe":2,"zombie_extreme:soda":1},"minecraft:custom":{"minecraft:interact_with_crafting_table":40,"minecraft:bell_ring":10,"minecraft:leave_game":20,"minecraft:time_since_death":30,"minecraft:damage_resisted":103,"minecraft:sprint_one_cm":717468,"minecraft:drop":120,"minecraft:deaths":160,"minecraft:jump":5308,"minecraft:interact_with_brewingstand":1,"minecraft:walk_on_water_one_cm":11048,"minecraft:interact_with_furnace":19,"minecraft:play_one_minute":487521,"minecraft:sleep_in_bed":22,"minecraft:open_enderchest":2,"minecraft:damage_dealt":3293,"minecraft:player_kills":9,"minecraft:crouch_one_cm":77855,"minecraft:horse_one_cm":218396,"minecraft:interact_with_smithing_table":1,"minecraft:mob_kills":9,"minecraft:interact_with_anvil":2,"minecraft:damage_dealt_resisted":0,"minecraft:climb_one_cm":19340,"minecraft:walk_one_cm":947625,"minecraft:sneak_time":33537,"minecraft:walk_under_water_one_cm":21713,"minecraft:time_since_rest":109,"minecraft:damage_taken":32395,"minecraft:swim_one_cm":4217,"minecraft:fly_one_cm":1021772,"minecraft:open_chest":230,"minecraft:fall_one_cm":88028},"minecraft:used":{"minecraft:spruce_slab":74,"zombie_extreme:sink":1,"minecraft:ladder":24,"minecraft:chest":18,"minecraft:iron_sword":15,"minecraft:quartz_stairs":1,"minecraft:bell":1,"zombie_extreme:medical_box":1,"minecraft:snowball":21,"minecraft:stripped_spruce_log":3,"minecraft:honey_block":2,"zombie_extreme:anti_selective_vaccine":1,"minecraft:bow":3,"minecraft:furnace":13,"minecraft:potato":26,"zombie_extreme:antiradon_enhanced_action":1,"minecraft:stone_pickaxe":264,"minecraft:oak_planks":466,"zombie_extreme:nightvisionpill":1,"minecraft:wooden_pickaxe":24,"minecraft:blue_bed":2,"minecraft:white_wool":2,"vehicle:jack":1,"zombie_extreme:deadbody":1,"zombie_extreme:table":1,"minecraft:redstone_torch":1,"minecraft:string":1,"minecraft:gravel":1,"minecraft:diamond_sword":5,"minecraft:andesite":3,"minecraft:oak_fence":44,"zombie_extreme:rottenapple":1,"minecraft:stone_sword":62,"minecraft:stone_shovel":257,"minecraft:spruce_planks":45,"minecraft:wooden_shovel":50,"simpletomb:grave_key":116,"zombie_extreme:vodka":1,"minecraft:torch":68,"minecraft:dirt":876,"minecraft:white_carpet":28,"minecraft:spruce_fence":11,"minecraft:wooden_axe":17,"zombie_extreme:hunter_knife":13,"minecraft:iron_axe":382,"minecraft:oak_stairs":110,"zombie_extreme:coach":1,"zombie_extreme:drug":1,"minecraft:beef":1,"minecraft:cobblestone_slab":18,"minecraft:mossy_cobblestone":3,"minecraft:crafting_table":6,"minecraft:white_bed":7,"minecraft:dark_oak_door":1,"minecraft:diamond_pickaxe":1,"minecraft:iron_pickaxe":147,"zombie_extreme:counteractingpill":1,"minecraft:stone_axe":166,"minecraft:cobblestone":53,"toughasnails:purified_water_canteen":3,"minecraft:yellow_bed":3,"zombie_extreme:protectionpill":1},"minecraft:killed":{"minecraft:creeper":1,"minecraft:sheep":1,"minecraft:trader_llama":1,"minecraft:zombie":1,"alexsmobs:fly":1,"alexsmobs:raccoon":2}},"DataVersion":2586}