{"stats":{"minecraft:custom":{"minecraft:interact_with_anvil":1,"minecraft:mob_kills":67,"minecraft:animals_bred":9,"minecraft:inspect_hopper":1,"minecraft:interact_with_crafting_table":94,"minecraft:leave_game":15,"minecraft:time_since_death":3064,"minecraft:climb_one_cm":17294,"minecraft:sprint_one_cm":1405388,"minecraft:walk_one_cm":1863040,"minecraft:drop":108,"minecraft:sneak_time":18746,"minecraft:deaths":217,"minecraft:walk_under_water_one_cm":60460,"minecraft:jump":7803,"minecraft:interact_with_blast_furnace":1,"minecraft:walk_on_water_one_cm":55441,"minecraft:interact_with_furnace":270,"minecraft:play_one_minute":721647,"minecraft:sleep_in_bed":30,"minecraft:time_since_rest":3089,"minecraft:damage_taken":50597,"minecraft:damage_dealt":2103,"minecraft:swim_one_cm":155730,"minecraft:player_kills":25,"minecraft:fly_one_cm":1531124,"minecraft:crouch_one_cm":45424,"minecraft:open_chest":138,"minecraft:aviate_one_cm":1879844,"minecraft:fall_one_cm":132902,"minecraft:horse_one_cm":39729},"minecraft:picked_up":{"minecraft:spruce_leaves":1,"sophisticatedbackpacks:gold_backpack":1,"tac:mk23":3,"minecraft:crafting_table":7,"zombie_extreme:blackmetal":46,"minecraft:wheat":27,"minecraft:chicken":2,"minecraft:clay_ball":29,"minecraft:lead":9,"minecraft:golden_shovel":2,"zombie_extreme:titanbar":1,"tac:light_grenade":1,"minecraft:elytra":2,"minecraft:iron_leggings":1,"minecraft:blackstone":23,"minecraft:spruce_planks":13,"minecraft:beef":27,"tac:m60":2,"minecraft:furnace":3,"zombie_extreme:copper_ore":15,"minecraft:egg":1,"zombie_extreme:ruby":11,"dungeonsmod:king_crown":1,"minecraft:stick":1,"minecraft:oak_fence":5,"minecraft:torch":33,"decocraftia:tomato_food":8,"minecraft:spruce_stairs":1,"minecraft:spruce_fence":16,"mts:mtsofficialpack.propellersmall2blade":3,"minecraft:porkchop":3,"zombie_extreme:titanore":35,"minecraft:diorite":111,"tac:m1014":2,"minecraft:redstone":187,"tac:vector45":1,"zombie_extreme:blackbar":2,"minecraft:rotten_flesh":1,"minecraft:golden_hoe":1,"minecraft:shears":1,"minecraft:gold_ingot":2,"minecraft:mutton":16,"securitycraft:keypad_door_item":2,"minecraft:white_wool":30,"minecraft:cobblestone":1633,"tac:round45":1260,"minecraft:air":0,"minecraft:feather":4,"minecraft:basalt":11,"minecraft:andesite":155,"minecraft:salmon":2,"minecraft:leather":14,"minecraft:brown_wool":6,"tac:10_gauge_round":144,"minecraft:birch_planks":12,"minecraft:ice":1,"minecraft:oak_log":14,"minecraft:gunpowder":95,"simpletomb:grave_key":3,"minecraft:lapis_lazuli":54,"minecraft:dirt":450,"mts:mtsofficialpack.mc172_oak":2,"minecraft:name_tag":1,"minecraft:bone":2,"minecraft:stone_bricks":15,"minecraft:kelp":2,"tac:silencer":1,"minecraft:wheat_seeds":6,"minecraft:iron_ingot":28,"minecraft:iron_ore":521,"tac:9mm_round":660,"vehicle:key":2,"ironfurnaces:iron_furnace":2,"minecraft:book":4,"firstaid:plaster":2,"zombie_extreme:oreradium":8,"minecraft:quartz":49,"minecraft:gravel":25,"minecraft:sand":554,"minecraft:stripped_spruce_log":14,"minecraft:spruce_sapling":3,"minecraft:white_bed":8,"minecraft:spruce_log":97,"minecraft:gold_ore":90,"minecraft:dark_oak_log":1,"securitycraft:universal_block_remover":1,"minecraft:firework_rocket":96,"minecraft:diamond_shovel":1,"minecraft:diamond":120,"tac:specialised_grip":1,"tac:m92fs":3,"minecraft:granite":153,"minecraft:crossbow":1,"minecraft:diamond_axe":1,"zombie_extreme:titanplate":2,"securitycraft:keypad":1,"tac:tactical_stock":1,"minecraft:netherrack":72,"minecraft:coal":432,"minecraft:diamond_pickaxe":2},"minecraft:broken":{"minecraft:iron_shovel":1,"minecraft:iron_pickaxe":1},"minecraft:crafted":{"minecraft:oak_planks":56,"ironfurnaces:gold_furnace":1,"minecraft:iron_nugget":144,"minecraft:furnace":5,"minecraft:stone_button":10,"ironfurnaces:iron_furnace":2,"minecraft:stone":10,"securitycraft:keypad_item":1,"zombie_extreme:hi_tech_military_armor_boots":1,"minecraft:spruce_fence":33,"securitycraft:keypad_frame":1,"minecraft:heavy_weighted_pressure_plate":1,"minecraft:glass_pane":32,"minecraft:flint_and_steel":1,"minecraft:cooked_mutton":14,"minecraft:glass":8,"minecraft:iron_axe":1,"minecraft:iron_door":3,"zombie_extreme:hi_tech_military_armor_leggings":1,"minecraft:redstone_block":1,"minecraft:oak_fence":18,"securitycraft:keypad_door_item":1,"minecraft:glass_bottle":6,"zombie_extreme:titanbar":5,"minecraft:wooden_shovel":1,"minecraft:crafting_table":7,"minecraft:spruce_planks":124,"minecraft:wooden_pickaxe":2,"zombie_extreme:hi_tech_military_armor_chestplate":1,"minecraft:gold_block":1,"securitycraft:door_indestructible_iron_item":1,"minecraft:diamond_pickaxe":1,"minecraft:stick":60,"minecraft:iron_ingot":55,"minecraft:iron_pickaxe":2,"zombie_extreme:titanplate":7,"minecraft:iron_block":1,"minecraft:iron_shovel":1,"minecraft:gold_ingot":6,"minecraft:white_bed":1,"minecraft:spruce_fence_gate":1,"tac:workbench":1},"minecraft:mined":{"minecraft:light_blue_stained_glass_pane":3,"minecraft:diamond_ore":124,"minecraft:spruce_planks":12,"minecraft:white_bed":7,"minecraft:light_gray_stained_glass_pane":2,"minecraft:dark_oak_log":1,"zombie_extreme:copper_ore":18,"minecraft:granite":154,"minecraft:grass_block":213,"minecraft:spruce_fence":18,"zombie_extreme:blackmetal":46,"decocraftia:tomato_plant":5,"minecraft:polished_diorite":1,"minecraft:spruce_leaves":32,"minecraft:kelp":1,"minecraft:large_fern":4,"minecraft:tall_seagrass":1,"minecraft:redstone_ore":52,"minecraft:furnace":2,"zombie_extreme:oreradium":9,"minecraft:iron_ore":529,"minecraft:fire":50,"minecraft:snow":2,"minecraft:andesite":167,"minecraft:stripped_spruce_log":15,"minecraft:stone":2055,"minecraft:white_wool":1,"minecraft:spruce_slab":1,"minecraft:podzol":3,"minecraft:blackstone":23,"minecraft:kelp_plant":1,"minecraft:basalt":10,"ironfurnaces:iron_furnace":2,"minecraft:clay":7,"minecraft:oak_fence":5,"minecraft:crafting_table":7,"minecraft:torch":33,"zombie_extreme:titanore":35,"minecraft:nether_quartz_ore":49,"minecraft:tall_grass":13,"minecraft:cobblestone":33,"minecraft:lapis_ore":14,"minecraft:diorite":134,"minecraft:wall_torch":1,"minecraft:spruce_stairs":1,"zombie_extreme:rubyore":11,"minecraft:birch_planks":4,"minecraft:ice":6,"minecraft:spruce_log":100,"minecraft:grass":27,"minecraft:coal_ore":298,"minecraft:oak_log":14,"minecraft:gravel":37,"minecraft:dirt":316,"minecraft:sand":589,"minecraft:stone_bricks":4,"minecraft:netherrack":72,"minecraft:gold_ore":68,"minecraft:oak_leaves":6},"minecraft:killed_by":{"minecraft:player":95,"minecraft:stray":1,"zombie_extreme:infectedperson":2,"minecraft:pillager":23,"animals:mosquito":3,"minecraft:enderman":1,"alexsmobs:straddler":4,"dungeonsmod:king":3,"zombie_extreme:zombie_brute":1,"zombie_extreme:demolisher":65,"zombie_extreme:boomerzombie":4,"zombie_extreme:parasite":1,"dungeonsmod:pitcher":4,"zombie_extreme:drawnedzombie":1,"zombie_extreme:fast_zombie_v_2":1},"minecraft:dropped":{"tac:m1014":1,"decocraftia:tomato_food":8,"minecraft:stripped_spruce_log":1,"minecraft:birch_planks":1,"minecraft:wheat_seeds":1,"minecraft:diamond_axe":1,"minecraft:glass_bottle":1,"minecraft:diamond":113,"simpletomb:grave_key":4,"minecraft:crossbow":1,"minecraft:oak_fence":1,"minecraft:cobblestone":893,"tac:m60":2,"mts:mts.handbook_car":1,"minecraft:granite":144,"minecraft:elytra":1,"tac:mk23":1,"sophisticatedbackpacks:gold_backpack":1,"minecraft:stick":3,"minecraft:dirt":218,"minecraft:diorite":88,"minecraft:stone_button":2,"mts:mtsofficialpack.propellersmall2blade":5,"minecraft:sand":275,"tac:m92fs":1,"minecraft:glistering_melon_slice":2,"minecraft:spruce_sapling":3,"minecraft:bone":1,"minecraft:gravel":20,"minecraft:rotten_flesh":1,"minecraft:oak_planks":1,"minecraft:diamond_shovel":1,"minecraft:golden_shovel":2,"minecraft:spruce_fence":5,"securitycraft:universal_block_remover":1,"minecraft:stone":4,"zombie_extreme:copper_ore":8,"minecraft:andesite":175,"minecraft:stone_bricks":4,"minecraft:spruce_log":66,"minecraft:beef":1,"minecraft:wooden_pickaxe":1},"minecraft:used":{"ironfurnaces:gold_furnace":1,"minecraft:oak_fence":22,"minecraft:iron_shovel":250,"minecraft:flint_and_steel":33,"minecraft:spruce_planks":18,"securitycraft:keypad_door_item":3,"minecraft:wooden_shovel":31,"minecraft:spruce_leaves":1,"simpletomb:grave_key":137,"minecraft:torch":5,"minecraft:dirt":197,"securitycraft:keypad_item":1,"minecraft:spruce_stairs":1,"minecraft:granite":9,"minecraft:spruce_fence":44,"minecraft:stripped_spruce_log":9,"minecraft:iron_axe":185,"mts:mtsofficialpack.mc172_oak":2,"minecraft:stone_bricks":11,"ironfurnaces:iron_furnace":3,"minecraft:beef":8,"minecraft:furnace":5,"minecraft:egg":1,"minecraft:cooked_beef":3,"minecraft:cooked_mutton":4,"tac:workbench":1,"minecraft:birch_planks":13,"minecraft:glass_bottle":18,"minecraft:wooden_pickaxe":13,"securitycraft:keypad_frame":1,"minecraft:diamond_axe":93,"minecraft:spruce_fence_gate":1,"minecraft:white_wool":2,"minecraft:sand":24,"minecraft:crafting_table":14,"minecraft:crossbow":2,"securitycraft:universal_block_remover":1,"minecraft:white_bed":8,"minecraft:diamond_pickaxe":3579,"minecraft:diamond_shovel":707,"minecraft:dark_oak_log":1,"minecraft:chicken":2,"minecraft:iron_pickaxe":364,"minecraft:brown_wool":6,"minecraft:gravel":4,"minecraft:potion":13,"minecraft:cobblestone":276,"minecraft:porkchop":3,"toughasnails:dirty_water_bottle":2,"minecraft:ice":1},"minecraft:killed":{"animals:mosquito":3,"zombie_extreme:infected_bear":1,"minecraft:guardian":1,"vemerioraptor:vemerioraptor":2,"minecraft:chicken":2,"animals:manedwolve":1,"minecraft:drowned":1,"minecraft:parrot":1,"minecraft:pig":2,"minecraft:salmon":5,"minecraft:sheep":12,"minecraft:pillager":7,"alexsmobs:sunbird":1,"alexsmobs:moose":1,"dungeonsmod:guard":24,"zombie_extreme:boomerzombie":1,"minecraft:cow":13}},"DataVersion":2586}