{"stats":{"minecraft:used":{"minecraft:iron_shovel":250,"securitycraft:reinforced_spruce_slab":1,"minecraft:spruce_slab":29,"minecraft:chest":1,"minecraft:spruce_leaves":1,"securitycraft:keypad_item":1,"minecraft:snowball":4,"minecraft:stripped_spruce_log":23,"minecraft:glass":81,"minecraft:grass_block":177,"minecraft:stone_bricks":11,"ironfurnaces:iron_furnace":7,"minecraft:furnace":6,"minecraft:egg":1,"securitycraft:door_indestructible_iron_item":6,"securitycraft:reinforced_spruce_planks":2,"minecraft:stone_pickaxe":1,"minecraft:oak_planks":1,"minecraft:wooden_pickaxe":13,"securitycraft:keypad_frame":1,"minecraft:diamond_axe":98,"minecraft:white_wool":2,"minecraft:dark_oak_trapdoor":2,"minecraft:sand":24,"minecraft:crossbow":2,"securitycraft:universal_block_remover":47,"securitycraft:keycard_lock":5,"securitycraft:reinforced_stripped_spruce_log":2,"minecraft:firework_rocket":1,"minecraft:dark_oak_log":1,"minecraft:brown_wool":6,"minecraft:gravel":4,"minecraft:andesite":14,"minecraft:ice":1,"minecraft:oak_fence":22,"zombie_extreme:rottenapple":1,"ironfurnaces:gold_furnace":7,"minecraft:flint_and_steel":60,"minecraft:armor_stand":1,"minecraft:spruce_planks":27,"securitycraft:keypad_door_item":5,"minecraft:wooden_shovel":31,"simpletomb:grave_key":195,"minecraft:torch":14,"minecraft:dirt":893,"minecraft:hopper":1,"minecraft:spruce_stairs":1,"minecraft:granite":53,"minecraft:spruce_fence":44,"securitycraft:keycard_reader":2,"minecraft:iron_axe":214,"mts:mtsofficialpack.mc172_oak":2,"minecraft:beef":8,"zombie_extreme:militarymachete":2,"minecraft:cooked_beef":10,"minecraft:cooked_mutton":7,"tac:workbench":2,"securitycraft:reinforced_cobblestone":2,"minecraft:birch_planks":24,"minecraft:glass_bottle":25,"minecraft:spruce_fence_gate":1,"minecraft:cobblestone_slab":6,"minecraft:crafting_table":18,"minecraft:white_bed":17,"minecraft:diamond_pickaxe":6205,"minecraft:diamond_shovel":3240,"minecraft:chicken":2,"minecraft:iron_pickaxe":503,"minecraft:stone_axe":136,"minecraft:cobblestone":574,"minecraft:potion":22,"minecraft:porkchop":3,"minecraft:cooked_porkchop":2,"toughasnails:dirty_water_bottle":2,"minecraft:glass_pane":20,"securitycraft:reinforced_birch_planks":2},"minecraft:crafted":{"minecraft:oak_planks":56,"minecraft:cobblestone_slab":6,"securitycraft:keycard_reader":1,"ironfurnaces:iron_furnace":2,"minecraft:stone":17,"securitycraft:keypad_item":1,"minecraft:heavy_weighted_pressure_plate":1,"minecraft:cooked_mutton":14,"securitycraft:laser_block":6,"securitycraft:keycard_lv1":3,"minecraft:glass":8,"minecraft:hopper":1,"minecraft:chest":2,"minecraft:iron_door":3,"zombie_extreme:hi_tech_military_armor_leggings":2,"minecraft:oak_fence":18,"securitycraft:keypad_door_item":1,"minecraft:glass_bottle":6,"minecraft:wooden_shovel":1,"minecraft:diamond_axe":1,"minecraft:crafting_table":7,"minecraft:spruce_planks":152,"minecraft:wooden_pickaxe":2,"zombie_extreme:hi_tech_military_armor_chestplate":2,"minecraft:gold_block":1,"minecraft:diamond_pickaxe":3,"minecraft:stick":100,"minecraft:iron_ingot":64,"minecraft:iron_pickaxe":2,"minecraft:iron_block":2,"minecraft:gold_ingot":6,"minecraft:spruce_fence_gate":1,"minecraft:shears":1,"tac:workbench":1,"securitycraft:universal_block_reinforcer_lvl1":6,"minecraft:smooth_stone_slab":6,"ironfurnaces:gold_furnace":1,"minecraft:iron_nugget":216,"minecraft:furnace":5,"minecraft:stone_button":10,"firstaid:plaster":4,"zombie_extreme:hi_tech_military_armor_boots":2,"minecraft:spruce_fence":33,"securitycraft:keypad_frame":1,"minecraft:glass_pane":96,"minecraft:flint_and_steel":1,"securitycraft:keycard_lock":2,"minecraft:iron_axe":1,"securitycraft:universal_block_remover":1,"minecraft:stone_pickaxe":1,"minecraft:redstone_block":11,"minecraft:dark_oak_planks":8,"zombie_extreme:titanbar":5,"minecraft:stone_axe":3,"securitycraft:door_indestructible_iron_item":3,"zombie_extreme:titanplate":14,"minecraft:iron_shovel":1,"minecraft:armor_stand":1,"minecraft:white_bed":1},"minecraft:killed":{"animals:mosquito":5,"zombie_extreme:infected_bear":1,"minecraft:guardian":1,"minecraft:chicken":2,"animals:manedwolve":1,"minecraft:wolf":1,"minecraft:parrot":1,"minecraft:pig":2,"minecraft:salmon":5,"minecraft:sheep":12,"minecraft:pillager":9,"alexsmobs:sunbird":1,"dungeonsmod:guard":24,"zombie_extreme:boomerzombie":1,"minecraft:cow":13,"zombie_extreme:drawnedzombie":1,"vemerioraptor:vemerioraptor":2,"zombie_extreme:infected_dog":1,"minecraft:drowned":1,"alexsmobs:moose":3},"minecraft:broken":{"minecraft:iron_shovel":1,"minecraft:diamond_shovel":1,"minecraft:diamond_pickaxe":1,"minecraft:stone_axe":1,"securitycraft:universal_block_reinforcer_lvl1":5,"minecraft:iron_pickaxe":2},"minecraft:mined":{"minecraft:spruce_planks":16,"minecraft:white_bed":16,"zombie_extreme:copper_ore":28,"minecraft:granite":239,"minecraft:grass_block":1226,"zombie_extreme:blackmetal":80,"decocraftia:tomato_plant":5,"minecraft:polished_diorite":1,"minecraft:tall_seagrass":1,"zombie_extreme:oreradium":9,"minecraft:dark_oak_trapdoor":9,"ironfurnaces:gold_furnace":6,"minecraft:iron_ore":887,"minecraft:fire":100,"minecraft:oak_stairs":1,"minecraft:spruce_slab":26,"minecraft:blackstone":23,"minecraft:kelp_plant":1,"ironfurnaces:iron_furnace":6,"minecraft:clay":7,"minecraft:torch":33,"zombie_extreme:titanore":63,"minecraft:chest":1,"minecraft:glass":1,"minecraft:nether_quartz_ore":49,"minecraft:cobblestone":61,"minecraft:oak_planks":25,"tac:workbench":1,"minecraft:wall_torch":4,"minecraft:grass":29,"minecraft:oak_log":14,"minecraft:sand":589,"minecraft:dirt":1837,"minecraft:netherrack":72,"minecraft:oak_leaves":6,"minecraft:light_blue_stained_glass_pane":3,"minecraft:diamond_ore":244,"minecraft:light_gray_stained_glass_pane":2,"minecraft:dark_oak_log":1,"minecraft:dark_oak_fence":2,"minecraft:spruce_fence":18,"minecraft:spruce_leaves":37,"minecraft:kelp":1,"minecraft:large_fern":4,"minecraft:redstone_ore":131,"minecraft:furnace":3,"minecraft:snow":67,"minecraft:dark_oak_fence_gate":10,"minecraft:andesite":249,"minecraft:stripped_spruce_log":35,"minecraft:stone":3485,"minecraft:white_wool":1,"minecraft:podzol":3,"minecraft:glass_pane":1,"minecraft:basalt":10,"minecraft:oak_fence":5,"minecraft:crafting_table":11,"minecraft:tall_grass":13,"minecraft:lapis_ore":17,"minecraft:diorite":264,"minecraft:spruce_stairs":1,"zombie_extreme:rubyore":14,"minecraft:birch_planks":11,"minecraft:ice":6,"minecraft:spruce_log":101,"minecraft:grass_path":1,"minecraft:coal_ore":622,"minecraft:gravel":45,"minecraft:stone_bricks":4,"minecraft:gold_ore":70},"minecraft:picked_up":{"tac:mk23":3,"minecraft:wheat":27,"minecraft:ender_chest":1,"minecraft:lead":9,"minecraft:golden_shovel":2,"tac:light_grenade":1,"securitycraft:reinforced_cobblestone_slab":6,"minecraft:dark_oak_trapdoor":9,"minecraft:iron_leggings":1,"minecraft:smooth_stone":11,"securitycraft:reinforced_spruce_planks":2,"minecraft:spruce_planks":17,"securitycraft:keycard_lv1":1,"minecraft:iron_pickaxe":1,"securitycraft:reinforced_spruce_slab":2,"minecraft:furnace":4,"zombie_extreme:ruby":13,"minecraft:stick":1,"decocraftia:tomato_food":8,"minecraft:torch":40,"minecraft:oak_fence":5,"minecraft:spruce_stairs":1,"minecraft:porkchop":3,"minecraft:diorite":274,"tac:m1014":3,"tac:vector45":1,"minecraft:rotten_flesh":1,"minecraft:snowball":57,"tac:workbench":1,"minecraft:cobblestone":3316,"tac:round45":1740,"securitycraft:reinforced_hopper":1,"minecraft:feather":4,"minecraft:andesite":275,"minecraft:brown_wool":6,"tac:10_gauge_round":216,"minecraft:flint":1,"minecraft:lapis_lazuli":73,"minecraft:dirt":1118,"mts:mtsofficialpack.mc172_oak":2,"minecraft:name_tag":1,"minecraft:bone":9,"tac:silencer":1,"minecraft:wheat_seeds":25,"tac:9mm_round":776,"ironfurnaces:iron_furnace":6,"minecraft:oak_planks":1,"firstaid:plaster":2,"securitycraft:keycard_lock":3,"tac:muzzle_compensator":1,"industrialforegoing:infinity_drill":1,"minecraft:sand":554,"minecraft:stripped_spruce_log":34,"minecraft:grass_block":246,"minecraft:dark_oak_log":1,"securitycraft:universal_block_remover":2,"minecraft:diamond":313,"tac:m92fs":3,"minecraft:crossbow":1,"minecraft:granite":235,"tac:tactical_stock":1,"minecraft:netherrack":72,"minecraft:dark_oak_fence":2,"minecraft:nether_star":1,"minecraft:diamond_pickaxe":2,"sophisticatedbackpacks:gold_backpack":1,"minecraft:spruce_leaves":1,"minecraft:crafting_table":11,"zombie_extreme:blackmetal":80,"minecraft:chicken":2,"minecraft:clay_ball":29,"zombie_extreme:titanbar":1,"minecraft:elytra":2,"minecraft:snow":31,"minecraft:white_carpet":24,"minecraft:blackstone":23,"minecraft:beef":27,"tac:m60":2,"minecraft:spruce_slab":34,"zombie_extreme:copper_ore":25,"minecraft:egg":1,"dungeonsmod:king_crown":1,"minecraft:stone":1,"securitycraft:reinforced_cobblestone":23,"tac:m24":1,"securitycraft:reinforced_birch_planks":2,"minecraft:spruce_fence":16,"mts:mtsofficialpack.propellersmall2blade":3,"zombie_extreme:titanore":63,"securitycraft:keycard_reader":1,"minecraft:redstone":514,"tac:coyote_sight":1,"zombie_extreme:blackbar":2,"minecraft:golden_hoe":1,"ironfurnaces:gold_furnace":6,"minecraft:shears":1,"tac:medium_extended_mag":1,"minecraft:gold_ingot":9,"minecraft:mutton":16,"securitycraft:keypad_door_item":4,"minecraft:white_wool":30,"minecraft:air":0,"minecraft:basalt":11,"minecraft:salmon":2,"minecraft:leather":14,"minecraft:birch_planks":19,"minecraft:ice":1,"minecraft:oak_log":14,"minecraft:gunpowder":181,"zombie_extreme:rottenapple":1,"simpletomb:grave_key":3,"tac:old_8x_scope":1,"securitycraft:reinforced_stripped_spruce_log":5,"minecraft:cooked_mutton":10,"minecraft:stone_bricks":15,"minecraft:kelp":2,"minecraft:iron_ingot":110,"minecraft:iron_ore":878,"minecraft:glass_bottle":2,"vehicle:key":2,"minecraft:book":4,"tac:win_30-30":48,"zombie_extreme:oreradium":8,"minecraft:quartz":49,"minecraft:gravel":32,"minecraft:spruce_sapling":3,"minecraft:white_bed":17,"minecraft:spruce_log":98,"minecraft:gold_ore":90,"minecraft:dark_oak_fence_gate":10,"minecraft:firework_rocket":98,"minecraft:diamond_shovel":3,"tac:specialised_grip":1,"minecraft:diamond_axe":1,"zombie_extreme:titanplate":2,"securitycraft:keypad":1,"securitycraft:door_indestructible_iron_item":6,"minecraft:coal":1196},"minecraft:dropped":{"tac:m1014":2,"minecraft:birch_planks":1,"minecraft:diamond_axe":1,"minecraft:cooked_beef":3,"minecraft:glass_bottle":3,"minecraft:diamond":269,"minecraft:nether_star":1,"minecraft:cooked_porkchop":4,"minecraft:crossbow":1,"tac:m60":2,"securitycraft:door_indestructible_iron_item":1,"minecraft:elytra":1,"sophisticatedbackpacks:gold_backpack":1,"minecraft:dirt":731,"minecraft:stone_button":2,"mts:mtsofficialpack.propellersmall2blade":5,"minecraft:snowball":39,"minecraft:sand":275,"tac:m92fs":1,"minecraft:glistering_melon_slice":2,"minecraft:iron_pickaxe":1,"industrialforegoing:infinity_drill":1,"minecraft:bone":1,"minecraft:gravel":20,"minecraft:rotten_flesh":1,"minecraft:oak_planks":2,"minecraft:diamond_shovel":1,"minecraft:cooked_mutton":11,"minecraft:golden_shovel":2,"minecraft:dark_oak_fence_gate":10,"minecraft:gunpowder":1,"minecraft:beef":1,"minecraft:netherrack":71,"minecraft:stripped_spruce_log":1,"decocraftia:tomato_food":8,"minecraft:wheat_seeds":20,"simpletomb:grave_key":4,"minecraft:oak_fence":1,"minecraft:cobblestone":1829,"mts:mts.handbook_car":1,"minecraft:granite":172,"minecraft:grass_block":74,"tac:mk23":1,"minecraft:stick":3,"minecraft:diorite":134,"minecraft:torch":2,"securitycraft:keycard_lv1":2,"minecraft:smooth_stone":11,"minecraft:string":1,"minecraft:spruce_sapling":3,"minecraft:ender_chest":1,"securitycraft:reinforced_cobblestone":2,"minecraft:spruce_fence":5,"minecraft:glass_pane":6,"securitycraft:universal_block_remover":1,"minecraft:stone":4,"zombie_extreme:copper_ore":8,"minecraft:andesite":210,"securitycraft:reinforced_stripped_spruce_log":1,"minecraft:stone_bricks":4,"minecraft:spruce_log":66,"minecraft:wooden_pickaxe":1},"minecraft:custom":{"minecraft:animals_bred":9,"minecraft:interact_with_crafting_table":197,"minecraft:leave_game":22,"minecraft:time_since_death":36181,"minecraft:sprint_one_cm":2060676,"minecraft:drop":188,"minecraft:deaths":290,"minecraft:jump":11312,"minecraft:walk_on_water_one_cm":143407,"minecraft:interact_with_furnace":525,"minecraft:play_one_minute":1251648,"minecraft:sleep_in_bed":44,"minecraft:damage_dealt":3902,"minecraft:player_kills":59,"minecraft:crouch_one_cm":82953,"minecraft:horse_one_cm":39729,"minecraft:interact_with_anvil":6,"minecraft:mob_kills":76,"minecraft:inspect_hopper":1,"minecraft:climb_one_cm":17294,"minecraft:walk_one_cm":3676862,"minecraft:sneak_time":35433,"minecraft:walk_under_water_one_cm":82338,"minecraft:interact_with_blast_furnace":1,"minecraft:time_since_rest":36208,"minecraft:damage_taken":65772,"minecraft:swim_one_cm":176926,"minecraft:fly_one_cm":1872649,"minecraft:open_chest":264,"minecraft:aviate_one_cm":3322929,"minecraft:fall_one_cm":168071},"minecraft:killed_by":{"minecraft:pillager":23,"alexsmobs:straddler":4,"zombie_extreme:demolisher":65,"zombie_extreme:parasite":1,"dungeonsmod:pitcher":4,"zombie_extreme:drawnedzombie":1,"zombie_extreme:fast_zombie_v_2":1,"minecraft:player":163,"zombie_extreme:infectedperson":2,"minecraft:stray":2,"animals:mosquito":4,"minecraft:enderman":1,"dungeonsmod:king":3,"zombie_extreme:zombie_brute":1,"zombie_extreme:boomerzombie":4}},"DataVersion":2586}